title,extract,keyword,pubtime,article url,article content,language,main source,source rank,source country
美联储警告：中美贸易战恐拖累美经济增长,,美联储;经济前景;不确定性,2019-07-09 16:44:13,http://www.qstheory.cn/zdwz/2019-07/09/c_1124730091.htm,参考消息网7月7日报道 美媒称，美联储5日称，近几个月来，经济前景的不确定性有所增加，但它指出，美国经济的基本面仍然相对稳定。据美国《华尔街日报》网站7月5日报道，美联储在提交给美国国会的半年度报告中称，经过连续10年的扩张，美国经济仍然稳固。但报告重申了决策者最近提出的警告，即贸易政策、全球增长放缓和其他问题对经济前景构成越来越大的风险。美联储说：“自5月初以来，有关经济活动的新消息总的来说变得有些悲观，经济前景的不确定性增加了。”报告称，官员们“将采取适当措施以保持扩张势头”。报告还称，虽然金融系统仍比2008年金融危机前“更具韧性”，但对高风险商业贷款的担忧加剧了。美联储说：“有迹象表明，新增杠杆贷款的信贷标准不够坚实，并且在过去6个月里进一步恶化。”美联储还说，借贷成本上升或经济增长放缓可能对这些公司及其债权人构成“值得注意的风险”。报告称：“这样的事态发展可能会加大经济活动的下行风险。”按计划，美联储主席鲍威尔将于10日、11日在国会提交这份报告并作证。美联储6月19日发布的最新经济预测显示，大部分决策者预计美国失业率将在今年年底前稳定在3．6％左右。预计2019年美国经济将增长2．1％，而通胀率将保持在1．5％。该预测显示，在6月会议前作出预测的17名官员中，有8人表示预计今年将降息。报告表明，“非同寻常的价格下跌”很可能导致了最近的低通胀数据。该报告还重申了决策者的观点，即这种现象可能是“暂时的”。期货市场认为，美联储在即将到来的会议上降息的可能性接近100％。大多数央行官员在最近的声明中拒绝认可或反驳这一可能性。一些官员表示希望在未来几周看到更多有关经济表现的数据，然后再做决定。最近，随着美中领导人就恢复贸易谈判达成一致，不确定性的最大来源之一——美中贸易争端——的前景有所改善。美国劳工部5日发布的月度就业报告显示，继5月就业数据疲软后，美国经济上月新增就业岗位22．4万个。美联储的报告还指出，劳动力市场仍然是经济前景中的一个亮点。一些决策者最近几周一直担心，现阶段降息可能增加高风险企业债务市场等领域出现金融失衡的风险。另据美国《纽约时报》网站7月5日报道，美联储官员担心，美中贸易战造成的不确定性可能会抑制企业支出，并可能导致制造业生产放缓，拖累经济增长。美联储发布的半年度货币政策报告提出了这些担忧。报告称，当前美国金融体系比2008年金融危机前更具韧性，今年上半年经济活动“稳步”增长，就业市场表现良好。但报告也指出了随着美国与中国的贸易争端久拖不决而渐露端倪的风险。美联储说，最新一轮加征关税“似乎降低了美国和其他国家的进出口，而贸易政策的不确定性可能导致企业推迟投资决策，减少资本支出”。,Chinese,Xinhua News,1,China
“十评中美贸易战”之一《“美国贸易吃亏论”当休矣！》,人民日报,1670字,2019-06-24 15:11:19,http://www.zgjx.cn/2019-06/24/c_138168445.htm,中国新闻奖自荐（他荐）参评作品推荐表作品标题“十评中美贸易战”之一《“美国贸易吃亏论”当休矣!》参评项目文字评论体裁语种中文作者（主创人员）集体（龚雯、吴秋余、许志峰、王珂、林丽鹂、陆娅楠）编辑李宝善、庹震、吕岩松刊播单位人民日报刊播日期2018年7月6日刊播版面(名称和版次)2版作品字数（时长）1670字︵采作编品过简程介︶这是一组在关键时刻敢于亮剑、为国发声的重要评论，体现出党报勇于担当、不辱使命的中流砥柱作用，堪称2018年中美经贸摩擦舆论斗争中站位最高、分量最重、影响最大、传播最广、效果最佳的代表作之一。美国挑起迄今为止规模最大的贸易战后，根据中央领导指示，7月6日至15日，人民日报写作团队迅速出手，昼夜奋战，连发10篇独家原创的评论员文章，发出对美反制最强音，站上国际道义制高点，为我方在贸易战中赢得战略主动和广泛支持。论述稳、准、狠，语言实、新、活，理性驳斥美方所谓贸易“吃亏论”“零和论”“不平衡论”等，首次揭批“冷战陷阱”“恐怖陷阱”“衰退陷阱”“反契约陷阱”等，账算得细、理说得透。社会效果这组评论各界反响热烈。央视“新闻联播”连续10天摘播，新华社每天全文播发，各报次日转发，网信办全网推送，实现网上网下、境内境外、主流媒体与自媒体全覆盖。人民出版社将10篇评论汇集成单行本出版，国新办向中外记者力荐这组文章。 “十评”也成为新媒体刷屏之作，仅在人民日报客户端阅读量就逾千万次，主要新闻媒体转载量达1万余篇（条），网友纷纷喝彩，认为“解气又提气”。评论中的观点和表述被众多智库频繁引用。推荐理由这组评论分量重、传播广、影响大，是中美经贸舆论战的代表作，为我方应对贸易摩擦提供了有力舆论支持，为有效应对这场贸易持久战作出了探索、积累了经验，受到中央领导充分肯定。单位意见同意报送作品标题“十评中美贸易战”之一《“美国贸易吃亏论”当休矣!》参评项目文字评论体裁 语种中文作者（主创人员）集体（龚雯、吴秋余、许志峰、王珂、林丽鹂、陆娅楠）编辑李宝善、庹震、吕岩松刊播单位人民日报 刊播日期2018年7月6日刊播版面(名称和版次)2版作品字数（时长）1670字︵采作编品过简程介︶这是一组在关键时刻敢于亮剑、为国发声的重要评论，体现出党报勇于担当、不辱使命的中流砥柱作用，堪称2018年中美经贸摩擦舆论斗争中站位最高、分量最重、影响最大、传播最广、效果最佳的代表作之一。美国挑起迄今为止规模最大的贸易战后，根据中央领导指示，7月6日至15日，人民日报写作团队迅速出手，昼夜奋战，连发10篇独家原创的评论员文章，发出对美反制最强音，站上国际道义制高点，为我方在贸易战中赢得战略主动和广泛支持。论述稳、准、狠，语言实、新、活，理性驳斥美方所谓贸易“吃亏论”“零和论”“不平衡论”等，首次揭批“冷战陷阱”“恐怖陷阱”“衰退陷阱”“反契约陷阱”等，账算得细、理说得透。社会效果这组评论各界反响热烈。央视“新闻联播”连续10天摘播，新华社每天全文播发，各报次日转发，网信办全网推送，实现网上网下、境内境外、主流媒体与自媒体全覆盖。人民出版社将10篇评论汇集成单行本出版，国新办向中外记者力荐这组文章。 “十评”也成为新媒体刷屏之作，仅在人民日报客户端阅读量就逾千万次，主要新闻媒体转载量达1万余篇（条），网友纷纷喝彩，认为“解气又提气”。评论中的观点和表述被众多智库频繁引用。推荐理由这组评论分量重、传播广、影响大，是中美经贸舆论战的代表作，为我方应对贸易摩擦提供了有力舆论支持，为有效应对这场贸易持久战作出了探索、积累了经验，受到中央领导充分肯定。 单位意见同意报送1 2 下一页1 2 下一页,Chinese,Xinhua News,1,China
一个英国导演眼中的中美贸易战：你们彼此不是敌人,很多人对近期中美贸易冲突深感忧虑。这个夏天，一位英国电影导演携历时五年拍摄的有关中美关系纪录片发出呼吁：你们彼此不是敌人！中美需要更多“善良的天使”搭建沟通与互信的桥梁。,善良的天使,2019-06-22 07:48:35,http://www.xinhuanet.com/world/2019-06/22/c_1124656507.htm, 很多人对近期中美贸易冲突深感忧虑。这个夏天，一位英国电影导演携历时五年拍摄的有关中美关系纪录片发出呼吁：你们彼此不是敌人！中美需要更多“善良的天使”搭建沟通与互信的桥梁。他叫柯文思，是一位从事纪录片创造40多年、拍摄足迹遍布80多个国家、两次获得奥斯卡奖、坐拥16座艾美奖的知名导演。1981 年，年轻的柯文思入职美国广播公司不久，因公司计划拍摄一部关于1949 年新中国成立后30年来发展变化的纪录片，他被选派去中国调研踩点，那是他第一次来中国。30多年后，已在国际上享有盛誉的柯文思重新回到中国，着手拍摄一部关于中美关系的纪录片：《善良的天使》。这部片子一拍就是5年。英国人一贯严谨而善于思辨的风格，让他能够更真实地了解中国，而不是从西方媒体的报道中去认识中国。为了给影片勘景，他与各行各业的中国人打交道，也一次次“被中国人民勤劳、坚韧和乐观的天性深深打动”。很多人说，这部纪录片的拍摄，恰逢其时。虽然以美国前国务卿基辛格回忆其与周恩来总理关于中美差异的对话开场，但影片告诉我们，在全球化背景下，中美两国民间的交流、合作、融合甚至共生，都远远超出了我们想象。在片中，你会看到，主创团队不仅采访了那些备受瞩目的政治领导人、穿梭于世界各地的外交家，也把镜头更多对准了我们身边的普通人：濒临破产的美国工业小镇，因为一个中国老板来开办工厂，小镇上600多人解决了生计问题；一个中国教师，将中国珠算推广到了美国中小学的校园；一名美国退役海军陆战队士兵，让美国橄榄球运动的口号在中国的绿茵场上响起；好莱坞的《变形金刚》在中国征召演员的活动，引发了年轻人的追捧……中美建交40年来，经贸统计数据以数十倍百倍级别增长的背后，正是这些人的真实生活。中国驻美大使崔天凯在看完影片后评价说，这些平凡而伟大的“小人物”的故事，让我们看到为何中美关系基础坚实，为何应对其未来充满信心。这并非由于他们有何前无古人之壮举，而是因为他们日复一日，在两国人民间架设桥梁，为人民交往做出贡献，从而使中美关系不断向前。他们就是中美关系中“善良的天使”。这，正就是柯文思导演的视角。他认为，在许多美国人眼中，拥有近14亿人口的中国是远在大洋彼岸孤独神秘的挑衅者，甚至是敌人，但其实中国并不神秘。中美之间与其说存在信任赤字，不如说存在信息赤字，影片中这些“民间外交官”，能帮助搭建两国交流和互信的桥梁。美国《洛杉矶周报》评价，这部纪录片选取了不同的视角看待中美关系，更代表了两国普通民众的心声。现在，是时候倾听“我们善良天使”眼中的中国。当前，中美关系正面临挑战。中美贸易冲突的源头，是本届美国政府指责中国利用双边贸易逆差占美国便宜、“盗窃”知识产权、不遵守世贸规则等问题。这些指责，凸显美方巨大的“认知赤字”。英国《金融时报》首席经济评论员马丁·沃尔夫最近表示，美国抓住中美双边贸易失衡大做文章，这在经济学角度看来属于“文盲行为”。美方认为中国盗窃知识产权给美国造成巨大破坏，这个观点也很成问题。美国还指责中国严重违反2001年加入世贸组织时的承诺，这种提法同样属于言过其实。改变偏见，从了解开始。中国一再强调，理解和沟通是化解问题最好的方法，心怀恐惧与偏见，即便比邻也能为壑；敞开心扉去沟通，即便远隔太平洋，也能心心相通。前不久，中国国际电视台主播刘欣与美国FOX商业电视台主播翠西·里根的对话结束时，翠西·里根表示，愿意去更多了解中国。只要抛弃成见，沟通总会有效果。世界潮流，浩浩荡荡，全球化合作已经是大势所趋，我们更希望翠西·里根一样的美国人士，能够放下偏见，来了解一下中国。今天，柯文思导演借美国前总统林肯的名言呼唤“善良的天使”，在中美关系充满挑战的当下，显得格外珍贵。正如崔天凯大使所说，每当中美关系遭遇坎坷、前景受到质疑时，两国人民都在那里，默默努力，坚持不懈，贡献自己的力量，推动两国关系走出困境，继续向前。正是因为他们的不懈努力，我们才能弥合分歧，实现两国关系持续稳定发展；正是因为他们的坚定信念，我们才能开辟合作共赢的道路，使两国利益前所未有地紧密相连。“我们常会害怕我们不了解的东西，这很自然。但在地缘政治领域，恐惧和不信任可以将我们迅速带入灾难性的后果。我们要让世界明白，中国的发展并非意味着美国或任何其他国家的衰退。”柯文思导演表达了同样的期许。“我有一个中国梦，但是由‘中国制造’。”——《善良的天使》片尾镜头定格的这句话，简单而有力。最后，借用林肯的那句名言：“我们不是敌人，是朋友。我们友情的纽带或会因我们情绪激动而绷紧，但绝不可折断。我们天性中的那个善良的天使，终将轻拨起神秘的记忆之弦，而最美的乐音，也将从此奏响。”世界各国人民的生存境况和前途命运，从来没有像今天这样紧密相连、休戚与共。如果美国和中国能实现持久和平的共存，人类历史上将出现一种全新的大国关系和世界格局。希望美国一些人能从这部片子中有所启示，换一个角度和思维方式看待问题，为中美两国和世界的未来的发展找回内心“善良的天使”，更多以普通民众的信念，推动中美关系坚定向前！,Chinese,Xinhua News,1,China
美智库文章：美在对华贸易战中错得离谱,美国外交学会网站5月31日发表了题为《特朗普对中国商品征收关税收入的130%现在流向愤怒的农民》的文章。,关税,2019-06-07 19:15:37,http://www.xinhuanet.com/fortune/2019-06/07/c_1124595758.htm,美国外交学会网站5月31日发表了题为《特朗普对中国商品征收关税收入的130%现在流向愤怒的农民》的文章。现将文章内容摘编如下：特朗普总统本月发推文说：“我对美国一年有超过1000亿美元的关税进入国库感到非常高兴。”这笔钱“对美国很好，对中国不利！”令人遗憾的是，总统算账错得离谱。首先，他去年对中国商品征收关税进入美国政府口袋的数额不到他所说的十分之一。其次，那些关税不是中国支付的，而是由进口中国商品的美国企业支付的。特朗普的关税说法有一个更大的缺陷。去年美国政府承诺向美国农民支付96亿美元，以弥补中国关税报复造成的损失。这比特朗普从对中国商品征收关税获得的收入多10亿美元左右。因此，关税最终不仅损害了美国企业和消费者，还让政府付出高昂代价。从“美国国库”拿出来弥补农民损失的钱，超过了从美国进口商那里进入国库的钱。我们曾预测，由于农民是特朗普选民基础的重要组成部分，随着贸易战拖延下去，农民损失将增加。我们的预测是正确的。从去年开始，特朗普的“关税赤字”进一步扩大。美国农业部刚刚宣布了一项160亿美元的救助计划，以救助受贸易战影响的农民。在与中国进行了仅10个月的贸易战后，为应对迄今为止受到的损失，美国对农民的补贴将使“美国国库”消耗250多亿美元。与此同时，对中国商品加征关税迄今只从美国进口商那里征收到190多亿美元的税款，这比获准补贴给农民的钱少了60亿美元。展望未来，特朗普的关税赤字非但没有缩小的迹象，反而在增加。就在本周，有迹象显示，中国将再次停止购买美国大豆，此举将进一步重创美国的农业部门。此举很可能引发进一步的农业救助行动。特朗普总统去年曾说：“贸易战有好处，也很容易取胜。”这一概括真是大错特错了。,Chinese,Xinhua News,1,China
对华挑起贸易战;“项庄舞剑，意在沛公”——业内专家评析中美经贸热点问题,　　22日，在北京大学国家发展研究院举行的“中美贸易及中美关系：挑战与前景”论坛上，与会专家表示，美国政府挑起贸易摩擦，企图遏制中国发展，正所谓“项庄舞剑，意在沛公”。,美国;贸易;经济;发展;逆差,2019-05-23 21:19:51,http://www.xinhuanet.com/xhwkhdapp/2019-05/23/c_1210142191.htm,,Chinese,Xinhua News,1,China
声明：《中美贸易战停火！止战！》系2018年旧闻;对盗用新华社名义发布虚假新闻行为予以谴责,今早，一些网站发布《据新华社最新消息，中美贸易战停火！止战！》。经查，此消息为新华社2018年5月20日所发旧稿，非新华社今日所发。,,2019-05-20 12:05:45,http://www.jl.xinhuanet.com/2019-05/20/c_1124517982.htm,今早，一些网站发布《据新华社最新消息，中美贸易战停火！止战！》。经查，此消息为新华社2018年5月20日所发旧稿，非新华社今日所发。对盗用新华社名义发布虚假新闻的行为，我们予以谴责，并保留依法追究其责任的权利。新华通讯社2019年5月20日编辑：郭聪 审校：衣兵主编：黄维 监制：王健民主编：黄维 监制：王健民,Chinese,Xinhua News,1,China
“中美贸易战停火！止战！”系旧稿,今早，手机上突然冒出“中美贸易战停火!止战!”的消息，多家商业网站都在推送。,中美经贸,2019-05-20 10:42:01,http://www.xinhuanet.com/2019-05/20/c_1124517400.htm,今早，手机上突然冒出“中美贸易战停火!止战!”的消息，多家商业网站都在推送。倍感匪夷所思!中美经贸磋商明明正在激烈较量，怎么突然“停战”了呢？果然，经查，《中美贸易战停火!止战!》一文为新华社去年今日(2018年5月20日)文章，系旧闻。据了解，中美于去年5月19日一度达成协议，权威媒体发出了上述快讯，但十天后，美方撕毁协议，对从中国进口的包括高科技产品在内的总值500亿美元的产品征收25%的关税。此后，中美反复博弈，经贸磋商持续至今。一篇2018年的旧闻为什么会突然重发，且让一些媒体“中招”？是技术漏洞，人员疏忽，还是有人居心叵测，刻意传播？这其中缘由亟待查清。值此关键时刻，这种扰乱视听“旧闻新发”，万万不该传播!相关新闻：声明：《中美贸易战停火！止战！》系2018年旧闻 对盗用新华社名义发布虚假新闻行为予以谴责,Chinese,Xinhua News,1,China
用“大豆逻辑”来看看中美贸易战,美方透露中国承诺再购买1000万吨美国大豆。道理是明摆的，如果像一些人理解，协议要通过美国国会审批，那么现在这样紧赶慢赶地延长两天继续谈的做法，完全没有必要。美国人对此是很看重的，昨天美国农业部长珀杜在推特上说中国承诺买豆子后，特朗普还转发了这条推特。,贸易战;中美;特朗普;成长的烦恼;人民日报,2019-02-24 13:56:10,http://www.qstheory.cn/international/2019-02/24/c_1124155785.htm,第七轮中美经贸高级别磋商，谈成了第七轮+，加时两天。更多实质性的内容渐渐释放出来，也有新的问题出现。从大家留言看，现在对达成协议有一些疑虑。美国人这么热情，我们有没有做出太多的让步？要达成的东西符不符合我们的根本利益？普通老百姓都会有这样的疑虑，更不用说切身利益受到影响的人了。大家关心这个问题，我就多说几句个人的看法，供大家参考。首先，讨论问题要以事实为基础，先看看现在能确定的事实有哪些。我综合了一下，从特朗普会见刘鹤副总理到现在，基本能够确定的只有三条。一是美方透露中国承诺再购买1000万吨美国大豆。二是姆努钦对媒体表态，中美双方达成了货币协议。三是特朗普希望最后成果的形式是协议而不是谅解备忘录。这里面货币的东西就一句话，只能留待更多细节公布后再讨论。希望达成协议而不是谅解备忘录的表态，并不是说前面白谈了。从昨天莱特希泽表态看，这是换汤不换药。道理是明摆的，如果像一些人理解，协议要通过美国国会审批，那么现在这样紧赶慢赶地延长两天继续谈的做法，完全没有必要。至于买1000万吨美国大豆这件事，昨天我在另一篇文章上说过，现在还可以继续往深里谈谈。其次，中美在大豆问题上，有各自不同的需求，也有利益重合点。用大豆来表明立场也好，释放善意也罢，其实都是利益度量的结果。一是从中国需求看，我们的大豆市场缺口实在太大。我查过有关资料，我们国家一年有9000多万吨，差不多90%左右的大豆，要从国际市场进口。进口的大豆的用途主要有两个，一个是榨油，一个是饲料加工（用榨油剩下的豆粕去养猪）。国内的大豆，现在主要是发豆芽，磨豆腐，可能凉拌毛豆还有一点。总之是需求缺口太大，而具体用途区分明显，进口大豆这部分需求，很难从国内获得替代。2018年，因为中国和美国打贸易战，中国大豆进口量为8803万吨，减少了7.9%。主要就是美国豆子的进口量下降了，进口结构也发生了变化。2017年中国大豆进口9553万吨，其中，从美国进口3258万吨，从巴西进口5093万吨。2018年中国大豆进口8803.1万吨，同比减少7.9%。其中，从美国进口1664万吨，下降49.4%，占18.9%；从巴西进口6608.2万吨，增长29.8%，占75.1%。可以看到，减少对美国大豆的需求，目前尚不能完全找到替代对象，补足需求缺口。缺口实在太大。而且，据说巴西大豆的价钱原来跟美国大豆差不多，但是去年贸易战打响后，涨了不少钱。二是从美国需求来说，他们的产量实在太大。美国是世界第一大大豆生产国，一年能生产1亿吨左右的大豆。但是他国内市场，消耗不了这么多大豆。就算以美国人的浪费精神可劲儿造，还有差不多一半左右的大豆依赖出口。去年特朗普挑起贸易战后，遭到中国的坚决反击，美国豆农首当其冲。卖不出去豆子，又不好保存，就只能眼睁睁地看着烂掉。去年11月中期选举，共和党丢了众议院的控制权，其中的一个重要原因就是几个农业州的倒戈。所以，买不买豆子，是美国人在谈的时候非常在意的项目，也是可以交易的条件。美国人对此是很看重的，昨天美国农业部长珀杜在推特上说中国承诺买豆子后，特朗普还转发了这条推特。三是从中美间的利益重合点来说，不同的资源禀赋决定了中美农产品贸易具有很强的互补性。你们想过没有，互补性，是个很有意思的概念。一般来说，这意味着你需要我，我需要你。深一层看，在闹矛盾的时候，这种需要，就会变成谈价的条件。如果再多想一层，这种谈价，也应该以形成利益共识为目标，而不是彻底撕裂为目标。采购量上去了，跟美国豆农利益共识是不是更多了？总之，需求互补、利益重叠，互相依赖但又互相制约，这就是中美间大豆贸易往来的逻辑。第三，用“大豆逻辑”的视角，就是要看清中美贸易战的利益格局。去年贸易战最激烈的时候，不买大豆一度是对付美国的“武器”。现在谈判节奏不断加快，购买大豆又成为表达谈判诚意的策略。是不是前后矛盾？是矛盾，但合乎情理。大豆的买与不卖，贸易战打还是谈，与其说是个谁输谁赢、谁胜谁负的问题，倒不如说是利大利小、利远利近的问题。大豆的逻辑，就是国家利益的逻辑。关键，要看到贸易战的本质，看到这场冲突背后的中美利益格局。在陶然笔记去年的文章《提个醒！不管会晤结果如何 都会被美国说成取得胜利》中，我们曾分析过美国挑起贸易战的三大原因：解决贸易逆差，对华国家竞争，转移国内矛盾。现在看，还应该加上一个选举政治考量。这四方面原因，是美国人发起贸易战的主要利益诉求。我们应对贸易战，也有中国自己的利益诉求。《人民日报》在去年9月11日的时候有一篇文章，叫做《风物长宜放眼量——从强国兴衰规律看我国面临的外部挑战》。文章里说：新兴国家在崛起的关键性阶段，往往会与守成国家发生国家利益的激烈碰撞，无一例外地会受到刻意打压，这是必然遇到的“成长的烦恼”，是发展历程中绕不开的“坎”。实际上，历史上成功发展的国家，都遵循一条发展规律，那就是尽可能避免对抗，把重心放在加快发展上，放在不断壮大自己身上。熟悉历史的人都知道，眼前的美国就是个活生生的例子。因此，中国应对贸易战的主要利益诉求，打也好，谈也好，就是不能让贸易战干扰我们的发展节奏，尽可能去争取时间和空间，争取战略机遇期。这是我们现在最大的国家利益，也是我们所要争取的结果。大豆买还是不买，买多还是买少，买了以后，什么时候又不买，都是服从经贸磋商这个大局，服从这个根本利益诉求。大豆是这样，我们在技术转让、知识产权保护、非关税壁垒、服务业这些领域，同样要服从经贸磋商这个大局，服从这个根本利益诉求。中美贸易战，是眼下全球的头等大事。在应对这件大事的时候，我们不仅身处加快自身发展的大局之中，同时也面临世界百年未有的大变局，所面临的长期性、复杂性和艰巨性，都是前所未有的。这尤其需要我们看清利益格局，保持头脑清醒。“先立乎其大者，则其小者不能夺也。”,Chinese,Xinhua News,1,China
贸易战解决不了中美贸易失衡问题,中美关系进入新阶段，经贸合作作为中美关系“稳定器”的作用更加重要。中国不断扩大对外开放，给包括美国在内的所有贸易伙伴带来了巨大的市场机遇。美国企业在中国进口市场上相对第三国企业竞争力不够强，是导致中美贸易失衡持续恶化的重要原因。,贸易战;中美贸易;特里芬难题;中美两国;贸易保护措施,2018-12-26 16:48:10,http://www.qstheory.cn/2018-12/26/c_1123908557.htm,中美关系进入新阶段，经贸合作作为中美关系“稳定器”的作用更加重要。美对华贸易逆差直接影响美对华经贸政策。据美方统计，2017年美对华货物贸易逆差达到3752亿美元，占美国全部货物贸易逆差的46%。以此为由，特朗普政府针对中国对美出口与投资，出台了多种贸易投资保护主义措施，并对我开展“301调查”、拒绝在反倾销调查中弃用“替代国”做法等，提出要求中方采取措施将双边贸易逆差减少1000亿美元。目前美方解决双边贸易失衡的思路是不可行的。一、贸易战不是应对中美贸易失衡问题的可行之法造成中美双边贸易失衡的原因是非常复杂的，既有美国储蓄率过低、财政赤字过大、国际货币发钞国地位（特里芬难题）等决定美国贸易逆差的基本面原因，也有香港转口、双边海关统计计价差异和全球价值链导致中国对美出口包含国际转移价值等夸大双边贸易失衡的原因，更重要的是两国比较优势、产业结构、国际分工和国际竞争力等方面的决定性影响。解决双边贸易失衡，首先要找准导致失衡的主要原因，对症下药，方能取得实效。美方认为导致双边贸易失衡的主要原因，一是中国政府的“不合理、不公平”政策导致中国企业取得的国际竞争优势，二是源于中国对本国市场的保护。实际上，2017年中国货物贸易顺差总计2.87万亿元人民币，占GDP比重为3.47%，经常项目差额占GDP的比重2.4%。这说明中国的进出口是比较均衡的，中国的贸易政策与体制并没有过度追求顺差。美方基于上述判断，对华采取了一系列贸易投资保护措施。一是希望削弱中国对美出口竞争力，减少中国对美出口；二是希望借此迫使中国开放市场，扩大美国对华出口；三是希望加强对美国知识产权的保护，维护美国企业技术领先优势。美方对华采取贸易保护措施不会给美国“带回工作机会”。中美贸易总体上互补性远高于竞争性，中国对美出口产品中相当高比例是劳动密集型产品，对美出口的所谓“高技术产品”大多也只是在华完成劳动密集的增值环节，包含大量的国际转移价值。从两国制造业出口部门的劳动生产率分析，2016年美对中国大陆货物贸易出口增加值的劳动生产率为15.8万美元/人，中国对美货物贸易出口增加值劳动生产率仅为1.71万美元/人（根据中国全球价值链课题组《2010—2016年中美贸易增加值核算报告》有关增加值率及就业测算结果计算），美国是中国的9倍多。如果中国对美出口下降，腾出来的市场空间并不会由美国国内企业占据，更可能被其他发展中经济体替代，因此并不会给美国带来劳动密集型的新增就业机会。美方单边主义的贸易投资保护措施必然会引起中国的反制。尽管中国政府一再表示不愿意打贸易战，但是正当利益遭到不公正待遇时，中方必须坚决反击。一旦中美两个最大的贸易体爆发贸易战，不仅双方的企业、消费者利益会受到损害，全球经济贸易也会被殃及。美国单边主义的作法对多边贸易体系将产生严重挑战，产生深远的恶劣影响。因此，贸易战没有赢家，也不能解决双边贸易失衡问题。二、中国普惠式开放市场难以解决中美双边贸易失衡问题对外开放是中国在全球化背景下加快发展的内在要求。过去40年，中国不断扩大对外开放，有力地推动了中国发展和改革。中国牢牢把握经济全球化带来的战略机遇，成为全球化浪潮中趋利避害的成功典范。党的十九大报告提出，中国开放的大门不会关闭，只会越开越大。中国将实行高水平的贸易和投资自由化便利化政策，大幅度放宽市场准入，扩大服务业开放，推动形成全面开放的新格局。中国不断扩大对外开放，给包括美国在内的所有贸易伙伴带来了巨大的市场机遇。进入新世纪以来，中国是美国出口增长最快的主要市场，美国对华出口占其全部出口的份额从2000年的2.07%上升到7.96%。这主要得益于中国大幅开放市场和进口的快速增长。但是，哪些国家能够从中国市场获得更大的利益，取决于其在中国市场的国际竞争力。尽管美国对华出口快速增长，但是美国商品占中国进口市场的份额却从2000年的9.9%下降到2017年的8.4%，在22类商品中，美国有一半（11类）商品在华进口市场份额出现了下降。尤其是在占中国全部进口34%的第16类商品（机电和音像设备等）中，美国商品份额从10.8%下降到5.4%，下降了一半。在中国的高新技术产品进口中，美国的份额从2001年的16.7%下降到2016年的8.2%，在中国进口额最大的单一商品——芯片市场，拥有世界上最强大芯片产业的美国占比仅4%。影响美国商品在中国进口市场竞争力的因素是多方面的，既有美国企业方面的因素，也有美国限制对华高技术产品出口等政策方面的因素。美国企业在中国进口市场上相对第三国企业竞争力不够强，是导致中美贸易失衡持续恶化的重要原因。因此，中国普惠式开放市场对减少美中巨额贸易逆差的作用将是有限的。中国进一步扩大市场准入，将会给包括美国在内的经贸伙伴带来新的市场机遇。作为WTO成员，一般而言，中国扩大开放的举措要遵循非歧视原则，因此，中国开放市场带来的机遇，其他国家的企业和美国企业一样可以享受。由于美国企业在中国进口市场的主要竞争对手是其他发达经济体的企业，而不是中国本土企业，如果美国企业自身的竞争力没有明显增强，美国不惜开打贸易战换来的中国普惠式开放市场，只不过是为他人作嫁衣。三、探索构建中美贸易平衡稳定发展的制度安排随着美国将中国定义为战略竞争对手，中美关系进入战略博弈的新阶段。构建中美新型大国关系，不仅事关中国和平发展大局，而且影响全球繁荣稳定。经贸合作“稳定器”在未来中美关系中的作用更为重要，要不断挖掘两国合作潜力，扩大两国共同利益，推动两国利益深度融合。中美贸易平衡稳定发展，需要构建制度性合作机制。构建中美双边自由贸易安排是推动中美经贸关系平衡稳定发展的制度保障。首先，中美自由贸易安排将为双方企业在对方市场提供更加优惠的待遇。构建中美双边自由贸易安排，在两国货物贸易、服务贸易、投资、技术合作等方面大幅度消除制度性壁垒，将为中美两国企业在对方市场获得稳定的优惠待遇，也是符合世界贸易组织规则的制度安排。中美两国经济结构存在巨大互补性，美国在中国进口市场上的主要竞争对手不是中国本土企业，而是与美国发展阶段类似的第三国企业。双边自贸安排将为美国企业在中国市场提供优于其竞争对手的待遇，有利于美国企业更好地利用中国市场机遇，提高在中国进口市场的份额，有利于逐步解决中美双边贸易失衡问题。其次，中美自贸安排将为中国企业在美贸易投资活动提供稳定的制度环境。美国外资安全审查机制不透明，动辄依据国内法规发起单边贸易保护措施，并且把中国企业当作主要对象，是影响我国企业对投资和贸易活动的最大不确定性因素。中美自贸安排不仅将为中国企业在美国市场上提供更加开放优惠的待遇，而且有利于降低中国企业对美贸易投资活动的政策风险。第三，中美自贸安排将有利于释放中美互利合作的巨大潜力。中国经济已由高速增长阶段转向高质量发展阶段，消费升级、产业结构升级和绿色转型发展将为美国企业提供巨大的市场机遇，美国提升基础设施、发展高新技术产业等也将为中国企业提供新的合作机遇。构建中美自贸安排，不仅有利于化解当前中美经贸关系中的突出问题，也有利于释放两国互利合作的巨大潜力。因此，中美双边都应该从稳定中美关系的大局出发，尽快将自由贸易安排的谈判工作提上日程，尽早启动可行性研究与谈判工作。中美双边投资协定谈判（BIT）已经有较好基础，可以从恢复BIT谈判入手，分阶段构建中美双边自由贸易区。（作者系国务院发展研究中心副主任）,Chinese,Xinhua News,1,China
中美贸易战进入全新阶段，中美都有三个没想到！,今天，9月24日，中国传统佳节中秋节，美国送来了一份“厚礼”：对我2000亿美元输美商品征收10%的关税；随即中国“回礼”，对美国600亿美元商品征收10%或5%的关税。白皮书就明确表示，中国坚定维护国家尊严和核心利益，对于贸易战，中国不愿打、不怕打、必要时不得不打。,贸易战;中美;中方;晁错论;水调歌头,2018-09-25 09:52:31,http://www.qstheory.cn/2018-09/25/c_1123477711.htm,（一）来而不往非礼也。中国的这句古话，今天说来显得特别妥帖。今天，9月24日，中国传统佳节中秋节，美国送来了一份“厚礼”：对我2000亿美元输美商品征收10%的关税；随即中国“回礼”，对美国600亿美元商品征收10%或5%的关税。兵来将挡、水来土掩，中美贸易战进入全新阶段，被卷入的两国商品总值，也从此前的500亿+500亿，又增加了2000亿+600亿。按照美国的说法，事情还没有完，如果中国反击，美国还将如何如何。但中国又岂是吓大的，或许只是巧合，就在美国加征关税生效的9月24日，中国在反击的同时，还发布了《关于中美经贸摩擦的事实与中方立场》白皮书。外交无小事，早一天不发，晚一天不发，就一定在中秋节新一轮关税开征当天发。这显然不会是随意而为，中方想要传递的信息，相信你懂的。这是对美国经济霸凌主义和舆论攻势的一次全面反击。（二）算起来，这场史无前例的贸易博弈，迄今已有整整半年时间。3月22日，特朗普签署总统备忘录，宣称依据“301调查”结果，将对从中国进口的商品大规模征收关税，并限制中国企业对美投资并购。中美由此拉开了博弈的序幕，期间有过多次谈判磋商，但最终仍是贸易战相向。在长达3.6万字的白皮书中，中方就明确这样说：中国从维护两国共同利益和世界贸易秩序大局出发，坚持通过对话协商解决争议的基本原则，以最大的耐心和诚意回应美国关切，以求同存异的态度妥善处理分歧，克服各种困难，同美国开展多轮对话磋商，提出务实解决方案，为稳定双边经贸关系作出了艰苦努力。然而，美国出尔反尔、不断发难，导致中美经贸摩擦在短时间内持续升级，使两国政府和人民多年努力培养起来的中美经贸关系受到极大损害，也使多边贸易体制和自由贸易原则遭遇严重威胁。我们表现出了最大的耐心和诚意，但美方却出尔反尔、不断发难，因此，“为澄清中美经贸关系事实，阐明中国对中美经贸摩擦的政策立场，推动问题合理解决，中国政府特发布此白皮书。”事实需要澄清，立场需要阐明，我们还是希望问题合理解决。但对方总是有某种幻想，总认为中方会最后屈服。结合这本白皮书，以及过去半年的一系列斗争看，对美国来说，应该也有三个没想到。第一个没想到，没想到中国决心这么大。特朗普此前多次宣称：贸易战很简单，美国肯定赢。通过极限手段施压，一直是特朗普的拿手好戏，也是他自诩的“交易的艺术”。他以为只要500亿美元关税牌一出手，中国肯定会服软；500亿不行，那就再加码2000亿美元；不行，那就还继续加码。但哪知道，美国这次真踢到了铁板。在每一次美国开列中国商品征税清单后，中国立刻列出反击清单，针锋相对，毫不示弱。在每次他威胁中国不能反击否则如何后，中国都毫不犹豫予以反击。白皮书就明确表示，中国坚定维护国家尊严和核心利益，对于贸易战，中国不愿打、不怕打、必要时不得不打。中国谈判的大门一直敞开，但谈判必须以相互尊重、相互平等和言而有信、言行一致为前提，不能在关税大棒的威胁下进行，不能以牺牲中国发展权为代价。一句话：谈，大门敞开；打，奉陪到底。但美国现在的做法，用一些朋友的话说，这是要摧毁中国经济，牺牲中国的发展权，中国已没有可退让的余地。永远不要指望中国咽下损害自身利益的苦果。第二个没想到，没想到中国经济韧性这么强。美国官员多次暗示，你们中国经济在下滑，你们股市在下跌，因此在贸易战对抗美国，你们中国必输无疑。但半年过去了，中国也没有垮，美国只能不断升级贸易战，试图迫使中国屈服。那是因为美国实在是低估了中国经济的韧性。必须看到，中国以前确实是出口导向，但出口现在对中国经济的拉动作用不断减小，去年已缩至9.1%，消费对中国经济的贡献率去年达到了58.8%。而且，中方也在采取各种措施，稳定市场的信心和预期，最近一系列深入推进改革开放的举措，就是一个信号。更何况，中国是世界第二大经济体，有任何国家都不想失去、也无可替代的庞大市场，完整的产业链条，便利的基础设施和营商环境，这是我们应对贸易战的最大底气。白皮书明确表示，中国开放的大门不会关闭，只会越开越大，坚持发挥市场在资源配置中的决定性作用，更好发挥政府作用，鼓励竞争、反对垄断；将切实办好自己的事情，发展更高层次的开放性经济，与世界上一切追求进步的国家共同发展、共享繁荣。贸易战没有赢家，中国会面临损失，但美国也不可能全身而退。正如白皮书所指出的，中国是美国飞机和大豆的第一大出口市场，汽车、集成电路、棉花的第二大出口市场。2017年美国出口中57%的大豆、25%的波音飞机、20%的汽车、14%的集成电路、17%的棉花都销往中国。从中国见招拆招看，中国很淡定很自信，背后更是胸有成竹。敢战方能止战，事实上，没有足够的底气，没有充分的研判，没有拍板的魄力，中国肯定早就着了特朗普的道了。第三个没想到，没想到中国反击如此理性。坦率地说，如果看有些外国专家学者的评论，有一种声音也很强烈：那就是中国是不是太理性了，反击是不是太软弱了。比如，美国对2000亿美元加征关税，税率是10%；中国反击只是600亿美元，税率是10%或5%。太不解气了，哪怕没有那么多美国商品，别忘了，还有那么多美国公司在中国市场赚钱呢。但中国政府的做法还是淡定的，我们看到，贸易战至今，中方既没有因为对方的霸凌冒犯而失去理智，更没有因史无前例的贸易战规模而惊慌失措。在中秋节这一天，中国更是发表了白皮书，驳斥美方不实指控，阐述中国观点，对各种不实指控，通过摆事实讲道理，以及详实的数据，一条一条掰清，就是淡定自信的充分展现。不管美国如何耍横，中国依然坚持不开第一枪。比如，美国加征关税是北京时间中午12点，那中国反击就12:01。美国将原本25%的关税先调整为10%，那好中国以变应变，将原来的四档关税调整为两档。很有意思的，还有中方的两个不同态度。对美国，既然你要加征关税，那对不起，美国商品也必须受点委屈。但对其他国家，中国一再表示，欢迎搭乘中国经济的便车、快车，中国还在不断提高通关效率、降低通关成本，而且，年底的进口国际博览会还将如期举行。对中国来说，与美国关系非常重要；但更重要的，还是办好中国自己的事情。今天发布的白皮书，就阐述中方对于中美经贸摩擦的八大坚定立场：1，中国坚定维护国家尊严和核心利益；2，中国坚定推进中美经贸关系健康发展；3，中国坚定维护并推动改革完善多边贸易体制；4，中国坚定保护产权和知识产权；5，中国坚定保护外商在华合法权益；6，中国坚定深化改革扩大开放；7，中国坚定促进与其他发达国家和广大发展中国家的互利共赢合作；8，中国坚定推动构建人类命运共同体。什么是理性，这就是理性；什么是淡定，这就是淡定；什么是自信，这就是充分的自信。（三）对美国，中方决策层有清醒的认识。但对很多中国民众来说，过去半年局势跌宕起伏，必须承认，对于现在的美国政府，我们很多人还是有一些没想到。1，没想到美国可以这样不顾信用。明明已经达成了共识，明明美国财长也公开表示，双方不打贸易战了。但言犹在耳，白宫的关税大棒就挥舞过来了。白皮书就指出，中国在以最大的耐心和诚意回应美国的关切，是美国出尔反尔、不断发难。这样不讲信用，这样说变就变，下一次还怎么谈，还怎么相信：一旦达成了共识或协议，会不会被再次撕毁。2，没想到美国可以这样不讲道理。几次听证会，都成了美国企业的诉苦会，压倒的声音认为，这样对中国商品加征关税，其实是让美国企业和消费者受损。美国主流经济学家也纷纷警告，将贸易赤字看作是亏损，是对贸易概念的一窍不通。但美国还是不管不顾，持续推进贸易战。这样不讲道理，真是无话可说。3，没想到美国可以这样胡搅蛮缠。一次又一次耍横，有些与经贸有关，有些又甚至超越了经贸领域，比如最近以中俄军事合作为由，竟然对中国军方进行制裁。这严重违反了国际法与国际关系基本准则。当然，美国也不只是针对中国，不断上演的“退群”闹剧，就让世界看到了美国持续拉低的超级大国下限。当然，种种挑战，也让中国有了更清醒的认识。比如，在核心技术方面，正如中国最高领导人所警告的：核心技术是国之重器，在别人的墙基上砌房子，再大再漂亮也可能经不起风雨，甚至会不堪一击。而核心技术受制于人，是我们最大的隐患。凡是过去，皆为序章。现在的美国，确实给世界带来了新的变数和挑战；但新时代的中国，也决不是可轻易压垮的对象。这是一场智斗，双方见招拆招，也必然对世界格局演变产生深远的影响。今天还是中国传统佳节中秋节，1000多年前，宋代大文豪苏轼在那首流传千古的中秋诗词《水调歌头》中慨叹人世无常：人有悲欢离合，月有阴晴圆缺。世界上从来没有平坦的大道，生活也不可能事事顺意。人生如此，国家亦然。在中秋这一天，重读苏轼的千古名篇，不禁还想起他在《晁错论》中的那句警告：天下之患，最不可为者，名为治平无事，而其实有不测之忧。1000多年后，习主席也多次提起这句话。简单翻译就是：天下的祸患，最难以解决的，莫过于表面上平安无事，实际上却存在着难以预料的隐患。中国确实正面临千载难逢的战略机遇，但我们更必须清醒，中国越是走近世界舞台的中央，挑战就更加严峻，这是不以人的意志为转移的。总有一些隐患我们必须通过深化改革加以解决，总有一些坎我们必须勇敢迈过去。如果在压力面前惊慌失措，那就正中了对方的下怀，那就真可能是后患无穷了。今天中秋，特殊意义的中秋，历史必将铭记这一天！,Chinese,Xinhua News,1,China
中美贸易战进入全新阶段，中美都有三个没想到,今天，9月24日，中国传统佳节中秋节，美国送来了一份“厚礼”：对我2000亿美元输美商品征收10%的关税；随即中国“回礼”，对美国600亿美元商品征收10%或5%的关税。白皮书就明确表示，中国坚定维护国家尊严和核心利益，对于贸易战，中国不愿打、不怕打、必要时不得不打。,贸易战;中美;中方;晁错论;水调歌头,2018-09-24 17:46:33,http://www.qstheory.cn/zhuanqu/bkjx/2018-09/24/c_1123475633.htm,来而不往非礼也。中国的这句古话，今天说来显得特别妥帖。今天，9月24日，中国传统佳节中秋节，美国送来了一份“厚礼”：对我2000亿美元输美商品征收10%的关税；随即中国“回礼”，对美国600亿美元商品征收10%或5%的关税。兵来将挡、水来土掩，中美贸易战进入全新阶段，被卷入的两国商品总值，也从此前的500亿+500亿，又增加了2000亿+600亿。按照美国的说法，事情还没有完，如果中国反击，美国还将如何如何。但中国又岂是吓大的，或许只是巧合，就在美国加征关税生效的9月24日，中国在反击的同时，还发布了《关于中美经贸摩擦的事实与中方立场》白皮书。外交无小事，早一天不发，晚一天不发，就一定在中秋节新一轮关税开征当天发。这显然不会是随意而为，中方想要传递的信息，相信你懂的。这是对美国经济霸凌主义和舆论攻势的一次全面反击。（二）算起来，这场史无前例的贸易博弈，迄今已有整整半年时间。3月22日，特朗普签署总统备忘录，宣称依据“301调查”结果，将对从中国进口的商品大规模征收关税，并限制中国企业对美投资并购。中美由此拉开了博弈的序幕，期间有过多次谈判磋商，但最终仍是贸易战相向。在长达3.6万字的白皮书中，中方就明确这样说：中国从维护两国共同利益和世界贸易秩序大局出发，坚持通过对话协商解决争议的基本原则，以最大的耐心和诚意回应美国关切，以求同存异的态度妥善处理分歧，克服各种困难，同美国开展多轮对话磋商，提出务实解决方案，为稳定双边经贸关系作出了艰苦努力。然而，美国出尔反尔、不断发难，导致中美经贸摩擦在短时间内持续升级，使两国政府和人民多年努力培养起来的中美经贸关系受到极大损害，也使多边贸易体制和自由贸易原则遭遇严重威胁。我们表现出了最大的耐心和诚意，但美方却出尔反尔、不断发难，因此，“为澄清中美经贸关系事实，阐明中国对中美经贸摩擦的政策立场，推动问题合理解决，中国政府特发布此白皮书。”事实需要澄清，立场需要阐明，我们还是希望问题合理解决。但对方总是有某种幻想，总认为中方会最后屈服。结合这本白皮书，以及过去半年的一系列斗争看，对美国来说，应该也有三个没想到。第一个没想到，没想到中国决心这么大。特朗普此前多次宣称：贸易战很简单，美国肯定赢。通过极限手段施压，一直是特朗普的拿手好戏，也是他自诩的“交易的艺术”。他以为只要500亿美元关税牌一出手，中国肯定会服软；500亿不行，那就再加码2000亿美元；不行，那就还继续加码。但哪知道，美国这次真踢到了铁板。在每一次美国开列中国商品征税清单后，中国立刻列出反击清单，针锋相对，毫不示弱。在每次他威胁中国不能反击否则如何后，中国都毫不犹豫予以反击。白皮书就明确表示，中国坚定维护国家尊严和核心利益，对于贸易战，中国不愿打、不怕打、必要时不得不打。中国谈判的大门一直敞开，但谈判必须以相互尊重、相互平等和言而有信、言行一致为前提，不能在关税大棒的威胁下进行，不能以牺牲中国发展权为代价。一句话：谈，大门敞开；打，奉陪到底。但美国现在的做法，用一些朋友的话说，这是要摧毁中国经济，牺牲中国的发展权，中国已没有可退让的余地。永远不要指望中国咽下损害自身利益的苦果。第二个没想到，没想到中国经济韧性这么强。美国官员多次暗示，你们中国经济在下滑，你们股市在下跌，因此在贸易战对抗美国，你们中国必输无疑。但半年过去了，中国也没有垮，美国只能不断升级贸易战，试图迫使中国屈服。那是因为美国实在是低估了中国经济的韧性。必须看到，中国以前确实是出口导向，但出口现在对中国经济的拉动作用不断减小，去年已缩至9.1%，消费对中国经济的贡献率去年达到了58.8%。而且，中方也在采取各种措施，稳定市场的信心和预期，最近一系列深如推进改革开放的举措，就是一个信号。更何况，中国是世界第二大经济体，有任何国家都不想失去、也无可替代的庞大市场，完整的产业链条，便利的基础设施和营商环境，这是我们应对贸易战的最大底气。白皮书明确表示，中国开放的大门不会关闭，只会越开越大，坚持发挥市场在资源配置中的决定性作用，更好发挥政府作用，鼓励竞争、反对垄断；将切实办好自己的事情，发展更高层次的开放性经济，与世界上一切追求进步的国家共同发展、共享繁荣。贸易战没有赢家，中国会面临损失，但美国也不可能全身而退。正如白皮书所指出的，中国是美国飞机和大豆的第一大出口市场，汽车、集成电路、棉花的第二大出口市场。2017年美国出口中57%的大豆、25%的波音飞机、20%的汽车、14%的集成电路、17%的棉花都销往中国。从中国见招拆招看，中国很淡定很自信，背后更是胸有成竹。敢战方能止战，事实上，没有足够的底气，没有充分的研判，没有拍板的魄力，中国肯定早就着了特朗普的道了。第三个没想到，没想到中国反击如此理性。坦率地说，如果看有些外国专家学者的评论，有一种声音也很强烈：那就是中国是不是太理性了，反击是不是太软弱了。比如，美国对2000亿美元加征关税，税率是10%；中国反击只是600亿美元，税率是10%或5%。太不解气了，哪怕没有那么多美国商品，别忘了，还有那么多美国公司在中国市场赚钱呢。但中国政府的做法还是淡定的，我们看到，贸易战至今，中方既没有因为对方的霸凌冒犯而失去理智，更没有因史无前例的贸易战规模而惊慌失措。在中秋节这一天，中国更是发表了白皮书，驳斥美方不实指控，阐述中国观点，对各种不实指控，通过摆事实讲道理，以及详实的数据，一条一条掰清，就是淡定自信的充分展现。不管美国如何耍横，中国依然坚持不开第一枪。比如，美国加征关税是北京时间中午12点，那中国反击就12:01。美国将原本25%的关税先调整为10%，那好中国以变应变，将原来的四档关税调整为两档。很有意思的，还有中方的两个不同态度。对美国，既然你要加征关税，那对不起，美国商品也必须受点委屈。但对其他国家，中国一再表示，欢迎搭乘中国经济的便车、快车，中国还在不断提高通关效率、降低通关成本，而且，年底的进口国际博览会还将如期举行。对中国来说，与美国关系非常重要；但更重要的，还是办好中国自己的事情。今天发布的白皮书，就阐述中方对于中美经贸摩擦的八大坚定立场：1，中国坚定维护国家尊严和核心利益；2，中国坚定推进中美经贸关系健康发展；3，中国坚定维护并推动改革完善多边贸易体制；4，中国坚定保护产权和知识产权；5，中国坚定保护外商在华合法权益；6，中国坚定深化改革扩大开放；7，中国坚定促进与其他发达国家和广大发展中国家的互利共赢合作；8，中国坚定推动构建人类命运共同体。什么是理性，这就是理性；什么是淡定，这就是淡定；什么是自信，这就是充分的自信。（三）对美国，中方决策层有清醒的认识。但对很多中国民众来说，过去半年局势跌宕起伏，必须承认，对于现在的美国政府，我们很多人还是有一些没想到。1，没想到美国可以这样不顾信用。明明已经达成了共识，明明美国财长也公开表示，双方不打贸易战了。但言犹在耳，白宫的关税大棒就挥舞过来了。白皮书就指出，中国在以最大的耐心和诚意回应美国的关切，是美国出尔反尔、不断发难。这样不讲信用，这样说变就变，下一次还怎么谈，还怎么相信：一旦达成了共识或协议，会不会被再次撕毁。2，没想到美国可以这样不讲道理。几次听证会，都成了美国企业的诉苦会，压倒的声音认为，这样对中国商品加征关税，其实是让美国企业和消费者受损。美国主流经济学家也纷纷警告，将贸易赤字看作是亏损，是对贸易概念的一窍不通。但美国还是不管不顾，持续推进贸易战。这样不讲道理，真是无话可说。3，没想到美国可以这样胡搅蛮缠。一次又一次耍横，有些与经贸有关，有些又甚至超越了经贸领域，比如最近以中俄军事合作未由，竟然对中国军方进行制裁。这严重违反了国际法与国际关系基本准则。当然，美国也不只是针对中国，不断上演的“退群”闹剧，就让世界看到了美国持续拉低的超级大国下限。当然，种种挑战，也让中国有了更清醒的认识。比如，在核心技术方面，正如中国最高领导人所警告的：核心技术是国之重器，在别人的墙基上砌房子，再大再漂亮也可能经不起风雨，甚至会不堪一击。而核心技术受制于人，是我们最大的隐患。凡是过去，皆为序章。现在的美国，确实给世界带来了新的变数和挑战；但新时代的中国，也决不是可轻易压垮的对象。这是一场智斗，双方见招拆招，也必然对世界格局演变产生深远的影响。今天还是中国传统佳节中秋节，1000多年前，宋代大文豪苏轼在那首流传千古的中秋诗词《水调歌头》中慨叹人世无常：人有悲欢离合，月有阴晴圆缺。世界上从来没有平坦的大道，生活也不可能事事顺意。人生如此，国家亦然。在中秋这一天，重读苏轼的千古名篇，不禁还想起他在《晁错论》中的那句警告：天下之患，最不可为者，名为治平无事，而其实有不测之忧。1000多年后，习主席也多次提起这句话。简单翻译就是：天下的祸患，最难以解决的，莫过于表面上平安无事，实际上却存在着难以预料的隐患。中国确实正面临千载难逢的战略机遇，但我们更必须清醒，中国越是走近世界舞台的中央，挑战就更加严峻，这是不以人的意志为转移的。总有一些隐患我们必须通过深化改革加以解决，总有一些坎我们必须勇敢迈过去。如果在压力面前惊慌失措，那就正中了对方的下怀，那就真可能是后患无穷了。今天中秋，特殊意义的中秋，历史必将铭记这一天！（本文原题为《中美贸易战进入全新阶段，中美都有三个没想到！》）,Chinese,Xinhua News,1,China
中美贸易战出现新动向，特朗普这个表态内有玄机,实施更大规模的改革和开放，是我们对改革开放40周年最好的礼物，更是我们打赢这一贸易战的最大法宝。,中美贸易;贸易霸凌;心理战,2018-09-11 20:01:09,http://www.qstheory.cn/2018-09/11/c_1123414674.htm,（一）事情正在起变化，贸易战最近出现了新动向。9月7日，一天之内，美国通过三个渠道，释放了三个信号。信号一，库德洛又漫天要价。在7日接受CNBC采访时，白宫首席经济顾问库德洛说，美国仍然与中国继续谈判，但美国的要价很明确：“零关税、零壁垒、零补贴、停止知识产权盗窃，美国人的公司美国人自己拥有。”美国很明确，但中国也很坚持，拒绝漫天要价、恶意指责。库德洛就承认，美国提出这个要价几个月了，但中国就是没有答应。信号二，特朗普发出新威胁。几个小时后，在“空军一号”专机上接受记者采访时，特朗普又大棒挥舞了。他说，在对2000亿美元中国商品加征关税后，美国还将对另外2670亿美元商品加征关税，“如果我愿意，将会很快。”500亿+2000亿+2670亿，毫无疑问，这将是史无前例的贸易战。这还不包括中国反击的数量，特朗普在创造历史，但真不是好事。信号三，美国还试图扩展新战场。还是7日，彭博社援引三位知情人士的话说，特朗普政府正考虑启动奥巴马时期的一项行政令，允许美国对参与“恶意网络活动”的实体或个人进行制裁。此举瞄准的是中国企业，美国政府可能会以制裁所谓“盗窃”美国知识产权行为，冻结中国企业在美资产，或阻止中国企业到美国做生意。据报道，即便在特朗普政府内部，上述举措也引起激烈争论，据说美国财长姆努钦强烈反对，但美国贸易代表莱特希泽等强硬派非常支持。一天之内，三个信号，一些表态和举措相当意味深长。美国磨刀霍霍，步步紧逼，大有不达目标不罢休的态势。（二）怎么看？一句话：这是一场贸易战，但现在，更是一场舆论战和心理战。事实上，美方最近频繁释放信息，就是不断向中方施压，试图迫使中国不堪压力，最后作出重大让步。在自传《交易的艺术》一书中，特朗普就曾谈到做生意的四个阶段：一是提出惊人的目标；二是大肆宣传；三是决策反复摇摆；四是获得直观的结果。他这样写道：“一个远高于预期的条件让对手无从下手——反复无常的变化给对手施加压力——给出次优条件让对手急于接受了事——达到最初想要的结果。”从目前来看，特朗普显然把中美经贸博弈，当成了一笔“大生意”。用一位朋友的话说，目前的态势，真有点像赌徒赌博一样，一方自以为本钱很多，有时也不管牌好牌坏，一股脑儿将本钱都推到桌前，迫使对方心中发毛，最后妥协。特朗普深谙其中的战术，所以在关键节点，不断发动新的攻势。要知道，对中国所有商品征税，特朗普其实以前早就说过。但外界普遍认为，此举毫无理性。因此，当这个威胁边际效应不断降低之际，特朗普就又老调重弹一下，继续拿出来向中国施压。此外，通过匿名信息源暗示将冻结中国企业资产，阻止中国企业与美国做生意，毫无疑问，也是在试探寻找对华的新筹码。试图以这种可怕后果，迫使中国最后妥协，签订城下之盟。至于库德洛表态的“零关税、零壁垒、零补贴”，更多是舆论宣传攻势，显得美国态度很积极很诚恳，但实际却是猫腻重重。别忘了，欧盟最近就公开表示，同意汽车零关税，欧盟可以取消所有美国汽车的关税，但美国也取消所有欧洲汽车的关税。但特朗普的第一反应却是：这不行，你们欧洲人习惯买你们的欧洲车，你们不买我们美国车……那这还是零关税吗？（三）美国现在全面发动贸易战，周边怒怼墨西哥、加拿大，对欧盟也没好脸色，对日本更是各种敲打。但显然，与中国的博弈，是其中最激烈的一场，跌宕起伏、惊心动魄，关乎中国的国运，也对世界格局产生重大影响。中美的实力对比，决定了没有一方具有完胜的能力。而没有一颗强大的心脏、应对的智慧，肯定就斗不过特朗普这种耍横的“交易的艺术”。怎么办？既然是舆论战、心理战，那如果惊慌失措，无疑正中对方下怀。最好的办法，就是淡定、从容、自信。这也不是阿Q，这是理性的选择。因为最坏的结果，不外乎中美两败俱伤，中国一些企业和行业肯定会遭受严重打击，但美国也不会全身而退。不然，也不会有美国150家行业协会发表公开信，警告美国加税措施，最终伤害的是美国企业和消费者利益。不尝到一点苦头，可能就没有谈判的诚意。对中国来说，现在只能勇敢地迈过这道坎，别无选择。做好最坏的打算，争取最好的结果；战略上藐视，但战术上必须高度重视。这毫无疑问是一次危机，但危机危机，危中有机。过去四十年，中国最严重的危机时期，毫无疑问是90年代初，西方严厉制裁封锁，中国经济一度岌岌可危，但新一轮改革开放，正是从那时开始，并使中国经济实现了凤凰涅槃。最终，美国都害怕了中国制造，要寻找各种借口限制。从最乐观的角度看，没有喘不过气来的压力，就没有壮士断腕的动力。还是那句话：实施更大规模的改革和开放，是我们对改革开放40周年最好的礼物，更是我们打赢这一贸易战的最大法宝。对中国来说，与美国关系非常重要；但更重要的，还是办好中国自己的事情。让市场在资源配置中真正起决定性作用，让改革开放给人民群众带来更多扎扎实实的获得感。这样的中国，这样庞大的内需市场，这样勤劳的中国人民，不管是贸易战，还是舆论战、心理战，我们有什么可惧怕的？（一）事情正在起变化，贸易战最近出现了新动向。9月7日，一天之内，美国通过三个渠道，释放了三个信号。信号一，库德洛又漫天要价。在7日接受CNBC采访时，白宫首席经济顾问库德洛说，美国仍然与中国继续谈判，但美国的要价很明确：“零关税、零壁垒、零补贴、停止知识产权盗窃，美国人的公司美国人自己拥有。”美国很明确，但中国也很坚持，拒绝漫天要价、恶意指责。库德洛就承认，美国提出这个要价几个月了，但中国就是没有答应。信号二，特朗普发出新威胁。几个小时后，在“空军一号”专机上接受记者采访时，特朗普又大棒挥舞了。他说，在对2000亿美元中国商品加征关税后，美国还将对另外2670亿美元商品加征关税，“如果我愿意，将会很快。”500亿+2000亿+2670亿，毫无疑问，这将是史无前例的贸易战。这还不包括中国反击的数量，特朗普在创造历史，但真不是好事。信号三，美国还试图扩展新战场。还是7日，彭博社援引三位知情人士的话说，特朗普政府正考虑启动奥巴马时期的一项行政令，允许美国对参与“恶意网络活动”的实体或个人进行制裁。此举瞄准的是中国企业，美国政府可能会以制裁所谓“盗窃”美国知识产权行为，冻结中国企业在美资产，或阻止中国企业到美国做生意。据报道，即便在特朗普政府内部，上述举措也引起激烈争论，据说美国财长姆努钦强烈反对，但美国贸易代表莱特希泽等强硬派非常支持。一天之内，三个信号，一些表态和举措相当意味深长。美国磨刀霍霍，步步紧逼，大有不达目标不罢休的态势。（二）怎么看？一句话：这是一场贸易战，但现在，更是一场舆论战和心理战。事实上，美方最近频繁释放信息，就是不断向中方施压，试图迫使中国不堪压力，最后作出重大让步。在自传《交易的艺术》一书中，特朗普就曾谈到做生意的四个阶段：一是提出惊人的目标；二是大肆宣传；三是决策反复摇摆；四是获得直观的结果。他这样写道：“一个远高于预期的条件让对手无从下手——反复无常的变化给对手施加压力——给出次优条件让对手急于接受了事——达到最初想要的结果。”从目前来看，特朗普显然把中美经贸博弈，当成了一笔“大生意”。用一位朋友的话说，目前的态势，真有点像赌徒赌博一样，一方自以为本钱很多，有时也不管牌好牌坏，一股脑儿将本钱都推到桌前，迫使对方心中发毛，最后妥协。特朗普深谙其中的战术，所以在关键节点，不断发动新的攻势。要知道，对中国所有商品征税，特朗普其实以前早就说过。但外界普遍认为，此举毫无理性。因此，当这个威胁边际效应不断降低之际，特朗普就又老调重弹一下，继续拿出来向中国施压。此外，通过匿名信息源暗示将冻结中国企业资产，阻止中国企业与美国做生意，毫无疑问，也是在试探寻找对华的新筹码。试图以这种可怕后果，迫使中国最后妥协，签订城下之盟。至于库德洛表态的“零关税、零壁垒、零补贴”，更多是舆论宣传攻势，显得美国态度很积极很诚恳，但实际却是猫腻重重。别忘了，欧盟最近就公开表示，同意汽车零关税，欧盟可以取消所有美国汽车的关税，但美国也取消所有欧洲汽车的关税。但特朗普的第一反应却是：这不行，你们欧洲人习惯买你们的欧洲车，你们不买我们美国车……那这还是零关税吗？（三）美国现在全面发动贸易战，周边怒怼墨西哥、加拿大，对欧盟也没好脸色，对日本更是各种敲打。但显然，与中国的博弈，是其中最激烈的一场，跌宕起伏、惊心动魄，关乎中国的国运，也对世界格局产生重大影响。中美的实力对比，决定了没有一方具有完胜的能力。而没有一颗强大的心脏、应对的智慧，肯定就斗不过特朗普这种耍横的“交易的艺术”。怎么办？既然是舆论战、心理战，那如果惊慌失措，无疑正中对方下怀。最好的办法，就是淡定、从容、自信。这也不是阿Q，这是理性的选择。因为最坏的结果，不外乎中美两败俱伤，中国一些企业和行业肯定会遭受严重打击，但美国也不会全身而退。不然，也不会有美国150家行业协会发表公开信，警告美国加税措施，最终伤害的是美国企业和消费者利益。不尝到一点苦头，可能就没有谈判的诚意。对中国来说，现在只能勇敢地迈过这道坎，别无选择。做好最坏的打算，争取最好的结果；战略上藐视，但战术上必须高度重视。这毫无疑问是一次危机，但危机危机，危中有机。过去四十年，中国最严重的危机时期，毫无疑问是90年代初，西方严厉制裁封锁，中国经济一度岌岌可危，但新一轮改革开放，正是从那时开始，并使中国经济实现了凤凰涅槃。最终，美国都害怕了中国制造，要寻找各种借口限制。从最乐观的角度看，没有喘不过气来的压力，就没有壮士断腕的动力。还是那句话：实施更大规模的改革和开放，是我们对改革开放40周年最好的礼物，更是我们打赢这一贸易战的最大法宝。对中国来说，与美国关系非常重要；但更重要的，还是办好中国自己的事情。让市场在资源配置中真正起决定性作用，让改革开放给人民群众带来更多扎扎实实的获得感。这样的中国，这样庞大的内需市场，这样勤劳的中国人民，不管是贸易战，还是舆论战、心理战，我们有什么可惧怕的？,Chinese,Xinhua News,1,China
以更大力度的改革开放应对中美贸易战,中国社会科学院财经战略研究院研究员,中美贸易战;改革开放;贸易霸凌主义,2018-08-22 10:00:00,http://www.qstheory.cn/wp/2018-08/22/c_1123307426.htm,美国挑起贸易战，是借解决中美贸易失衡之名，行遏制中国发展之实，以势压人，奉行贸易霸凌主义，妄图压住中国迈向全球价值链中高端的势头。对于这种行径，用实力反击是最好的回应。强大的国家实力是应对贸易战的最好保障，有利于双方在对等、平等、诚信的基础上开展对话和沟通。因此，打铁还需自身硬，最根本的是要把我们自己的事情办好，把贸易战的压力转化为更大力度进行改革开放的动力。当前，贸易战使我国经济运行稳中有变，面临一些新问题新挑战，外部环境发生明显变化。保持经济平稳运行，使之尽可能不受贸易战影响，关键还是要靠进一步的改革开放。这既是我们立足当前打好贸易战，又是管长远管根本管全局的关键一招。首先，贸易战暴露出我国经济发展中的一些“短板”，突出表现在高科技领域存在被人“卡脖子”的地方，原创性、前瞻性科技创新短板依然突出。我们要清醒地认识到，关键核心技术既要不来买不来讨不来，也难用市场换来。所以，当务之急是致力自主创新，加快建设世界科技强国。除了加大人财物的投入，更重要的是深化科技体制改革，提供适宜自主创新的土壤环境。由此，要最大限度调动科研人员创新积极性，激发创新活力，尽快扭转关键核心技术仍受制于人的局面，把科技创新的主动权牢牢掌握在自己手中，并将此作为加快转变发展方式、优化经济结构、转换增长动力进而推动高质量发展的第一动力。其次，我国庞大的内需市场和近乎全链条的产业体系，是我们打好贸易战的优势所在，但产业整体上处于中低端、经济大而不强特征依然明显。过去40年中国经济快速发展的基本动力来源于改革，同样，当前进一步发挥好我们的优势，积极应对贸易战，并实现经济持续健康发展，促进产业尽快迈向全球价值链中高端，实现向经济强国的转变，依然必须紧紧依靠改革。深化改革就是要坚决破除机制弊端，使市场在资源配置中起决定性作用、更好发挥政府作用，营造公平公正法治的营商环境，激发各类市场主体活力，调动企业家创业兴业乐业的积极性。从而，围绕着高质量发展，构建市场机制有效、微观主体有活力、宏观调控有度的经济体制，推动经济发展质量变革、效率变革、动力变革，不断增强我国企业、产业的抗风险能力，不断增强我国经济创新力和竞争力。最后，改革开放是中国的自主选择，中国的改革开放不会因外部压力和阻挡而止步。实践证明，过去40年中国经济发展是在开放条件下取得的，未来中国经济实现高质量发展也必须在更加开放条件下进行。这有助于扩大我们的“朋友圈”，维护多边主义和自由贸易，更好应对美国挑起的贸易战。从党的十九大提出的“推动形成全面开放新格局”到习近平主席在今年亚洲博鳌论坛上提出的“大幅度放宽市场准入、创造更有吸引力的投资环境、加强知识产权保护、主动扩大进口”，从“一带一路”倡议到今年11月将在上海举办首届中国国际进口博览会，扩大开放既有重大政策宣示，又有具体行动落实。眼前的贸易战，只会进一步强化我们扩大开放的决心，加快扩大开放的步伐，从而进一步推动形成全面开放新格局，让世界各国搭乘中国经济发展快车，并促进经济全球化朝着更加开放、包容、普惠、平衡、共赢方向发展。贸易战既是发展挑战，更是发展机遇。进行更大力度的改革开放，并将相关政策措施落到实处、产生实效，是我们目前应对贸易战的长远之策。不断强壮我们的身板，不断夯实发展后劲，不断增强发展信心，才能让我们既打好贸易战，又能实现新阶段下的高质量发展，并成功驾驭经济社会发展的方向和大局。,Chinese,Xinhua News,1,China
中美贸易战会给我们带来多大影响？,美方挑起贸易战，中方不得不采取必要的反制措施。从宏观经济层面看，经贸摩擦一定程度上增加了我国经济的外部风险和下行压力。从企业层面看，经贸摩擦对部分外向型企业有冲击，可能带来成本增加、订单下降等问题，企业面临减产歇业、调整重组的挑战。,经贸摩擦;贸易战;中美;中方;反制,2018-08-13 14:07:33,http://www.qstheory.cn/economy/2018-08/13/c_1123261647.htm,美方挑起贸易战，中方不得不采取必要的反制措施。大家最关心的，莫过于中方的反制会给企业和老百姓带来多大影响？我们会用什么办法来对冲这些影响？对这个问题，我们首先需要确立3个认识层面。一是无论美方加征关税，还是中方被迫反制，中方在这场经贸摩擦中都是受害方，因此受到冲击和损失是客观存在的，对此不必讳言。冲击和损失最后有多大，取决于中美经贸摩擦事态的发展，取决于中方能否有力地制止美方的讹诈施压，更取决于包括美国企业和人民在内的世界各方深刻认识到“贸易战无赢家”的现实。二是即便以最极端的情况推算，经贸摩擦本身给我国宏观经济的冲击也是有限的，主要集中在制造企业，国内消费者受到的冲击有限。三是中方对经贸摩擦的影响，除了此前充分考虑了进口产品的替代性之外，还保持着动态评估，并不断完善政策组合以期将企业损失降到最低。可以肯定的是，无论从哪个层面来看，目前中美经贸摩擦带来的冲击有限、影响可控。成败的关键，主要在于我们能否坚持既定的政策方针不动摇，能否有效地稳定负面冲击对预期的影响。从宏观经济层面看，经贸摩擦一定程度上增加了我国经济的外部风险和下行压力。中国国际经济交流中心首席研究员张燕生认为，根据中国宏观经济研究院研究人员的初步预测，如果美国对我国500亿美元商品开征25％的关税，预计影响我国GDP约0．10％到0．12％；如果在这个基础上对2000亿美元商品加征10％的关税，预计影响我国GDP约0．20％到0．25％。贸易战带来的影响是存在的。不过，同时也要看到，我国经济基本面长期向好，有应对冲击的足够能力。2017年经济增长中内需贡献超过90％；贸易依存度下降到33％，低于42％的世界平均水平。仅就经贸摩擦本身来说，这种冲击是有限的。从企业层面看，经贸摩擦对部分外向型企业有冲击，可能带来成本增加、订单下降等问题，企业面临减产歇业、调整重组的挑战。电子通信、电气机械、木材加工、化学产品等行业企业受影响相对较大。不过，同时要看到，一方面美国对我国部分出口商品加征关税，将逐步向着产业链和价值链上下游传导，最终结果会由出口商、上游原材料和零部件供货商以及美国采购者分担。另一方面，我国商务部已明确表示，在反制措施中增加的税收收入将主要用于受损企业及员工、鼓励企业调整进口结构等，努力将损失降到最低程度。不久前召开的中央政治局会议，决定下半年把稳就业放在更加突出位置，这也充分反映出中方对经贸摩擦的充分评估和积极应对。从国内消费看，中美经贸摩擦带来的影响可控。中国国际经济交流中心总经济师陈文玲认为，中美经贸摩擦对中国老百姓的影响并不大。比如大豆，从美国进口的大豆占比已经不到三分之一，而且美国大豆在我国只能用来榨油，表现在豆油价格上可能会上升。我国现在进口一吨大豆加上关税的价格为3750美元，比原来多了750美元，平摊到每公斤豆油价格可能高几元钱，对老百姓生活的影响不大。不过，去年进口猪肉价格为每公斤10元至11元，今年加征关税以后为每公斤17元多，猪肉价格上涨会带来一定影响，但牛羊肉、鸡肉、鱼肉等都可以替代。需要指出的是，目前国内对经贸摩擦冲击的疑虑还突出表现在两方面，一个是资本市场特别是股市汇市的波动，另一个则是对我国高科技创新能力的疑虑。这需要客观冷静看待。对于资本市场来说，经贸摩擦的影响固然存在，但也并非主因。股市波动主要是受心理等因素影响，汇市波动主要是受美元走强和外部不确定性等因素影响，有些影响是来自周期行为。更何况，当前股市汇市波动的幅度，与过去几年相比并没有更明显的变化。因此，重要的任务仍是稳定预期。从基本面看，我国金融风险总体可控，资本市场有充分的条件健康发展。对高科技创新的疑虑则受中兴事件影响较多。在这个问题上，我们需要承认在高新技术和新兴产业发展方面与美国存在的差距，但同时也不应过分夸大这种差距以及可能带来的影响。客观看，我们在科技创新方面起步晚，赶超差距大，在不断努力的同时要冷静评估现实情况。我国创新企业数量位居全球第二位，并首次进入世界知识产权组织最新全球创新指数前20强。唯有加快产业结构调整，加大科技创新力度，才能早日迎头赶上。总的来看，目前经贸摩擦对我国经济发展的冲击，可以用“有影响，可控制，需应对”来概括。在应对中美经贸摩擦问题上，自夸自大也好，自怨自艾也罢，盲目自信也好，一味恐惧也罢，都不是解决问题的办法。只有坚定不移地推动改革开放，坚定不移地发展自己，做好自己的事情，才能最终克服这个前进路上遇到的困难。,Chinese,Xinhua News,1,China
[正本清源理性看]中美贸易战会给我们带来多大影响？,美方挑起贸易战，中方不得不采取必要的反制措施。大家最关心的，莫过于中方的反制会给企业和老百姓带来多大影响？我们会用什么办法来对冲这些影响？,经贸摩擦;贸易战,2018-08-12 11:28:56,http://www.xinhuanet.com/2018-08/12/c_129931414.htm,美方挑起贸易战，中方不得不采取必要的反制措施。大家最关心的，莫过于中方的反制会给企业和老百姓带来多大影响？我们会用什么办法来对冲这些影响？对这个问题，我们首先需要确立3个认识层面。一是无论美方加征关税，还是中方被迫反制，中方在这场经贸摩擦中都是受害方，因此受到冲击和损失是客观存在的，对此不必讳言。冲击和损失最后有多大，取决于中美经贸摩擦事态的发展，取决于中方能否有力地制止美方的讹诈施压，更取决于包括美国企业和人民在内的世界各方深刻认识到“贸易战无赢家”的现实。二是即便以最极端的情况推算，经贸摩擦本身给我国宏观经济的冲击也是有限的，主要集中在制造企业，国内消费者受到的冲击有限。三是中方对经贸摩擦的影响，除了此前充分考虑了进口产品的替代性之外，还保持着动态评估，并不断完善政策组合以期将企业损失降到最低。可以肯定的是，无论从哪个层面来看，目前中美经贸摩擦带来的冲击有限、影响可控。成败的关键，主要在于我们能否坚持既定的政策方针不动摇，能否有效地稳定负面冲击对预期的影响。从宏观经济层面看，经贸摩擦一定程度上增加了我国经济的外部风险和下行压力。中国国际经济交流中心首席研究员张燕生认为，根据中国宏观经济研究院研究人员的初步预测，如果美国对我国500亿美元商品开征25%的关税，预计影响我国GDP约0.10%到0.12%；如果在这个基础上对2000亿美元商品加征10%的关税，预计影响我国GDP约0.20%到0.25%。贸易战带来的影响是存在的。不过，同时也要看到，我国经济基本面长期向好，有应对冲击的足够能力。2017年经济增长中内需贡献超过90%；贸易依存度下降到33%，低于42%的世界平均水平。仅就经贸摩擦本身来说，这种冲击是有限的。从企业层面看，经贸摩擦对部分外向型企业有冲击，可能带来成本增加、订单下降等问题，企业面临减产歇业、调整重组的挑战。电子通信、电气机械、木材加工、化学产品等行业企业受影响相对较大。不过，同时要看到，一方面美国对我国部分出口商品加征关税，将逐步向着产业链和价值链上下游传导，最终结果会由出口商、上游原材料和零部件供货商以及美国采购者分担。另一方面，我国商务部已明确表示，在反制措施中增加的税收收入将主要用于受损企业及员工、鼓励企业调整进口结构等，努力将损失降到最低程度。不久前召开的中央政治局会议，决定下半年把稳就业放在更加突出位置，这也充分反映出中方对经贸摩擦的充分评估和积极应对。从国内消费看，中美经贸摩擦带来的影响可控。中国国际经济交流中心总经济师陈文玲认为，中美经贸摩擦对中国老百姓的影响并不大。比如大豆，从美国进口的大豆占比已经不到三分之一，而且美国大豆在我国只能用来榨油，表现在豆油价格上可能会上升。我国现在进口一吨大豆加上关税的价格为3750美元，比原来多了750美元，平摊到每公斤豆油价格可能高几元钱，对老百姓生活的影响不大。不过，去年进口猪肉价格为每公斤10元至11元，今年加征关税以后为每公斤17元多，猪肉价格上涨会带来一定影响，但牛羊肉、鸡肉、鱼肉等都可以替代。需要指出的是，目前国内对经贸摩擦冲击的疑虑还突出表现在两方面，一个是资本市场特别是股市汇市的波动，另一个则是对我国高科技创新能力的疑虑。这需要客观冷静看待。对于资本市场来说，经贸摩擦的影响固然存在，但也并非主因。股市波动主要是受心理等因素影响，汇市波动主要是受美元走强和外部不确定性等因素影响，有些影响是来自周期行为。更何况，当前股市汇市波动的幅度，与过去几年相比并没有更明显的变化。因此，重要的任务仍是稳定预期。从基本面看，我国金融风险总体可控，资本市场有充分的条件健康发展。对高科技创新的疑虑则受中兴事件影响较多。在这个问题上，我们需要承认在高新技术和新兴产业发展方面与美国存在的差距，但同时也不应过分夸大这种差距以及可能带来的影响。客观看，我们在科技创新方面起步晚，赶超差距大，在不断努力的同时要冷静评估现实情况。我国创新企业数量位居全球第二位，并首次进入世界知识产权组织最新全球创新指数前20强。唯有加快产业结构调整，加大科技创新力度，才能早日迎头赶上。总的来看，目前经贸摩擦对我国经济发展的冲击，可以用“有影响，可控制，需应对”来概括。在应对中美经贸摩擦问题上，自夸自大也好，自怨自艾也罢，盲目自信也好，一味恐惧也罢，都不是解决问题的办法。只有坚定不移地推动改革开放，坚定不移地发展自己，做好自己的事情，才能最终克服这个前进路上遇到的困难。（记者 连俊）,Chinese,Xinhua News,1,China
美国真能在中美贸易战中“取胜不难”吗？,求是杂志社,中美贸易战;美国;霸凌主义,2018-08-08 10:00:00,http://www.qstheory.cn/wp/2018-08/08/c_1123236759.htm,近日，美方在此前公布对中方2000亿美元输美产品加征10％关税清单的基础上，又提出要将征税税率由10％提高到25％。对此，中方决定，将依法对自美进口的约600亿美元产品按照四档不同税率加征关税。中美贸易战处于逐渐升级的过程之中。为何美国执意要打中美贸易战？为何美国觉得胜券在握？贸易战究竟谁会成为赢家？中美贸易战并不是特朗普政府的一时心血来潮，而是经过深思熟虑的，是美国国内政治驱动的必然结果。一是美国的衰落刺激美国寻找一个对手，来重新振作（让美国再伟大）。冷战结束，美国病态地谋求永久霸权的系列政治经济行径，再加上阿富汗战争、伊拉克战争和国际金融危机的影响等，造成其国力的损耗，使得美国从霸权之巅重重地摔了下来。但特朗普却认为美国的衰落是由于中国、墨西哥等国家偷窃美国的财富和就业，从而让美国数以万计的企业和工厂关门导致的；二是特朗普要兑现竞选诺言，重振美国制造业，这就必须破坏现在的经济全球化的分工体系、生产体系和价值体系，因此特朗普必须利用贸易战打破现状，让资本在中国生产制造产品变得无利可图，这样才有可能吸引外资流回美国，才能重振美国制造业；三是特朗普急于摆脱三大丑闻，需要用中美贸易战的捷报来推动自己的连选连任。上述就是为什么中美贸易战一定会打，而且一定会不断升级的根本原因所在。那么中美贸易战结果真的会如特朗普打的如意算盘那样吗？答案显然是否定的。首先，中美贸易战对中国有影响，但绝不会是“掐脖子”的影响。根据一些研究结果，从短期看，中美贸易战开战后中国损失会比美国大一些，但是中国的承受能力远超美国，因而所受的损失是可控的、可弥补的。从长期看，贸易战的结果将会是复杂和难以预料的。从某种意义上来说，中美贸易战甚至是给中国提了个醒，贸易顺差源自贸易结构，贸易结构由产业结构决定，中国应该尽快调整产业结构，坚决贯彻新发展理念，落实高质量发展要求，以供给侧结构性改革为主线，推动产业升级改造。同时做好稳就业、稳金融、稳外贸、稳外资、稳投资、稳预期工作，继续推进改革开放，不被贸易战牵着走，落实扩大开放、大幅放宽市场准入的重大举措。改革开放40年，中国取得巨大的发展，经济发展回旋空间足够大，中国完全有能力保持经济平稳健康发展。其次，中美贸易战是把双刃剑。中美贸易的本质是合作共赢，贸易战不会只有中国是输家。从贸易利益的角度，美国拿走了中美贸易利益的大头。尽管美国当前短期经济形势向好，但是美国一意孤行打贸易战，有可能提前引发金融危机或者经济危机。针对特朗普的“贸易战是好事，取胜不难”，经济学家保罗•克鲁格曼在《纽约时报》发表了名为《如何输掉一场贸易战？》的评论文章指出，特朗普政府毫无策略性地掀起一场贸易战，额外的关税负担将主要转嫁给美国国内下游的生产商，终将让美国一败涂地。IMF首席经济学家罗戈夫指出，如果对2000亿美元中国对美出口产品征收关税，美国的经济增长率会下降0．3至0．5个百分点。由此可见，特朗普的贸易战取胜不难的观点，完全低估了贸易战双输的前景，也就是说，如果特朗普一意孤行，他是能完成部分对选民的承诺，可是要压上全美国人民的福祉，这个可不是美国选民所乐见到的。对于中美贸易战，中国要做好长期化的思想准备。特朗普团队发动贸易战是预谋已久，但是团队内却缺少真正懂得中美关系和中美贸易的专家团队，他们就像一头公牛闯入瓷器店，只能把精美的瓷器打个粉碎，造成中美贸易的严重倒退，甚至引发全球经济衰退，除此之外，中美贸易战并不会如特朗普“取胜不难”的预料那样发展。当美国经济减速、物价上涨的恶果摆在美国政府面前，也许那个时候，他们可能才会清醒一点，放弃霸凌主义，放弃讹诈和施压，理性一点坐在谈判桌前，解决中美贸易真正要解决的问题。,Chinese,Xinhua News,1,China
中美贸易战：挑战和机遇,中国共产党建党以来革命、建设、改革的历史证明，我们党善于审时度势，善于发现和抓住机遇，善打游击战、持久战、攻坚战，善于化危为机，化被动为主动。形成对照的是，中国在反击美国的同时，顺应全球化趋势，高举自由贸易大旗，反对贸易保护主义，加快对外开放步伐。,贸易战;贸协定;伊核;美欧;制裁,2018-08-01 18:11:58,http://www.qstheory.cn/zhuanqu/bkjx/2018-08/01/c_1123209357.htm,核心阅读：中国共产党建党以来革命、建设、改革的历史证明，我们党善于审时度势，善于发现和抓住机遇，善打游击战、持久战、攻坚战，善于化危为机，化被动为主动。面对贸易战，不能临战而怯，自乱阵脚，争取胜利的重要前提是保持战略定力，万众一心，群策群力。在未来的现代化进程中，中国将通过全面深化改革不断加长体制短板，通过发挥市场决定性作用，更好发挥政府作用，高效率配置资源，实现高质量发展。中美贸易战为什么必须打或者说，这场贸易战能不能避免？结论是：不以我方的意志为转移，不能不打。第一，打不打的主动权不在我方。美方主动挑起争端，步步紧逼，极限施压和讹诈，言而无信，反复无常，蛮横无理。打不打贸易战，显然不以中国意志为转移。面对直奔而来的制裁大棒，中国只有两条选择：要么屈服于美国的霸凌，从此忍辱负重；要么进行反抗，树立应有的大国形象，让对方知道中国人不是好欺负的。第二，就贸易战的性质而言不能不打。本次贸易战不同以往，不局限于贸易，甚至不限于高科技产业领域，而是一场事关国运的战略博弈。我国历来在原则问题上不妥协，贫穷落后时不妥协，现在发展起来了，更没有理由妥协。第三，就特朗普这样一个商人性格的人而言不能不打。特朗普在其自传《做生意的艺术》中，谈到做生意的四个阶段：一是提出惊人的目标；二是大肆宣传；三是决策反复摇摆；四是获得直观的结果。他写道：“一个远高于预期的条件让对手无从下手——反复无常的变化给对手施加压力——给出次优条件让对手急于接受了事——达到最初想要的结果。”特朗普显然把中美经贸谈判看成是一笔“大生意”。第四，美国的文化性格是欺弱服强。美国历来欺软怕硬，“拣软柿子捏”是美国的历来做法，“不撞南墙不回头”是美国的习惯性思维。中美贸易战怎么打从战略上说，中国文化强调后发制人，守正出奇，以静制动，四两拨千斤，长于以柔克刚，“柔弱胜刚强”。中国共产党建党以来革命、建设、改革的历史证明，我们党善于审时度势，善于发现和抓住机遇，善打游击战、持久战、攻坚战，善于化危为机，化被动为主动。就战术而言，就是边打边谈，边谈边打，在打谈中相互妥协，推动中美关系走向新的平衡。中国对贸易战的态度经历了一个争取谈、准备打、先礼后兵、渐趋强硬的过程。鉴于中美实力对比，中国将采取“数量型和质量型相结合”的措施。基本战法是：占据道义制高点。在全球化大背景下，损人利己甚至损人不利己的单边主义不得人心。美国带头破坏国际规则，已成功自我塑造了国际秩序搅局者、世界经济破坏者的霸蛮形象。形成对照的是，中国在反击美国的同时，顺应全球化趋势，高举自由贸易大旗，反对贸易保护主义，加快对外开放步伐。公道自在人心。一段时间以来，为中国说话的人多了起来。比如，有德国媒体评论说：“中国早已立足于世界经济，不仅展示着勤奋，也掌握了技术，想阻止中国发展技术不可能，也没道理。”近日，国际货币基金组织表示欢迎中国对自由贸易和多边主义的坚定承诺，认为中国最近宣布的一揽子开放政策是朝着正确方向迈出的步伐。美国发动贸易战，已经引发国际社会的担忧。国际货币基金组织总裁拉加德指出：美国需要对给世界贸易体系造成的“关税之伤”承担后果。世界贸易组织总干事阿泽维多已发出警告，全球贸易体系正在开始动摇。美联储前主席格林斯潘认为，美国对外加征的关税，实际上是由美国国民在买单。英国央行行长卡尼称，美国将成为全面贸易战的最大输家。合纵连横。打赢中美贸易战的一个基本战略思维就是把朋友搞得多多的。有西方学者分析说，中国很幸运，作为老大的美国，不但没有联合其他国家一起对付中国，反而以发动全球贸易战的方式和中国开打。美国在贸易战中剑指中国，四面出击，自我孤立，显然犯了兵家之大忌，使中国有机会化竞争对手为合作伙伴，为合纵连横提供了可能。第一，美国与其西方盟友已心生嫌隙。先是在价值观上与欧盟不同调。欧洲在人权问题上一贯高调，特朗普一上台就宣布放弃人权外交。在贸易战中，特朗普政府引用232条款对加拿大、欧盟、日本等铁杆盟友加征钢铝产品关税，六亲不认，尽显霸蛮姿态。加拿大、欧盟对美国反制裁，提出的报复清单接近3000亿美元，日本随之跟进。尽管最新消息是美欧就停止贸易战达成共识，但从特朗普反复无常的个性看，美欧经贸关系依然充满不确定性。第二，对印度、南非等新兴国家加征钢铝关税显现战略矛盾。特朗普政府一方面推行“印太战略”，拉印度制衡中国，另一方面对印度产品加征关税，伤害印度利益，迫使印度对美反制并调整与中国关系。第三，捅中东“马蜂窝”导致麻烦缠身。把美国驻以色列大使馆迁至耶路撒冷，造成新的危机。在搅动叙利亚战局的同时，不顾相关国家反对，退出伊核协议，对伊朗进行制裁甚至扬言军事打击，与伊朗关系剑拔弩张。中国在贸易战过程中，一方面与美国针锋相对，一方面争取国际社会支持。一是调整改善与周边国家关系，加强双边经济合作。二是将争端诉诸世贸组织，寻求世贸组织规则和国际舆论支持。三是在反制美国，对美国大豆加征25%关税的同时，豁免了包括印度等国家大豆和动物饲料的进口关税。四是继续推进双边和多边自由贸易。2002年以来，我国已经与24个国家和地区签订了16个自由贸易协定，目前正在进行的自贸区谈判有13个，与10个国家开展自贸协定联合可研或升级联合研究。精准打击。利用好贸易战的“飞去来器”效应。我国货物出口的40%、高科技产品出口的2/3都是在华外资企业实现的。在这种情况下，美国对中国的贸易制裁在不同程度上转化为对自己企业的“制裁”。因贸易战引起成本上升，一些受影响的美国企业已开始减产或裁员，有的企业正在谋划把生产线迁出美国。美国商会发出警告称，共计260万个美国就业岗位可能面临风险。针对美国痛点进行“定向打击”。中国对等对美国农产品加征关税后，美国农业遭受较大损失，已迫使特朗普政府不得不给农场主补贴。对原产于美国的汽车加征关税，美国汽车对华出口受到影响，在中国市场的份额受到挤压。下一步，我国可以根据事态发展情况，考虑采取新的针对性措施。中美贸易战会是怎样的最终结果首先，从大趋势看。“世界潮流，浩浩荡荡，顺之则昌，逆之则亡”。习近平总书记指出：“我国处于近代以来最好的发展时期，世界处于百年未有之大变局。”当今世界，全球化大势不可逆转，中国崛起不可阻挡。美国发动全球贸易战，实行孤立主义，实乃逆全球化而动。美国针对中国发动贸易战，不准中国推进“中国制造2025”，就是不准中国产业升级，目的是阻滞中国的现代化，遏制中华民族复兴。在“百年未有之大变局”下的国际贸易战，对中国来说，是挑战，也是机遇。历史证明，危机常常是变革的动力。这次贸易战之于中国，很可能是小打小变革，大打大变革。中国围棋的棋理是谋势重于谋实，中国将以局部损失换取全局利益，以暂时被动换取长期主动。所以历史地看，中美贸易战未尝不是中国的一个新的历史机遇。7月25日，习近平总书记在约翰内斯堡金砖国家工商论坛上的讲话中指出：“未来10年，将是国际格局和力量对比加速演变的10年。”“新兴市场国家和发展中国家群体性崛起势不可当。”当然，我们必须清醒看到，美国依然是经济强国、军事强国、科技强国、金融强国，“世界老大”的地位依然无可替代。我国虽然处于上升趋势，经济总量直追美国，但经济社会发展程度及综合实力与美国仍然存在较大差距，“大而不强”使我国在不少方面受制于美国等西方国家。工信部对全国30多家大型企业130多种关键基础材料调研结果显示，32%的关键材料在中国仍为空白，52%依靠进口，绝大多数计算机和服务器通用处理器95%的高端专用芯片、70%以上智能终端处理器以及绝大多数存储芯片依赖进口。在如此形势下，我们必须认识到，中美贸易战是一场前所未有的硬仗，其未来走势具有很大的不确定性，要争取战略主动和最终胜利，决非易事。我们不主动挑战美国，当然也不会在贸易战威胁下不战而退，俯首称臣。强者胜并非是天然的历史逻辑，历史上以弱胜强者不乏其例。“自胜者强”，“自强者胜”。对于实力相对弱的中国来说，要在贸易战中争取胜利，必须借势谋势，借力打力，扬长避短，发挥好自身优势，练好内功，强筋健骨。其次，从实际结果看。在贸易战冲击下，我国经济有可能进入一个比较特殊的时期，外部环境趋紧，经济增长及股市、债市、汇市、房市等波动的压力加大。特别值得关注的是，继日本与欧盟达成自由贸易协议之后，美国和欧盟发布联合声明宣称，“要共同致力于零关税、消除非关税壁垒、消除对非汽车工业产品的补贴”。美欧日有可能达成三方自贸协议的动向，将对我国形成新的压力，我国经济发展面临严峻考验。尽管如此，综合各方面分析，今日之中国已非往日之中国，我们有条件有能力应对这一严重挑战。这不仅在于中国特色社会主义的制度优势，还在于有学者分析到的独特优势：一是巨大的国内市场。在我国外贸依存度已大幅下降，消费持续扩张，内需型动力结构得到强化的情况下，贸易制裁对我国经济的破坏性呈下降趋势。我国工业出口交货值占工业总产值比重3年前超过20%，2017年下降到10%左右，工业对出口的依存度在大幅度降低。据工信部测算，无论是500亿美元还是2000亿美元商品加征关税清单，如果把500亿美元和2000亿美元折成人民币，占我国工业总产值的比重不到1%。我国市场的差异化、梯度化特点，则可使我们在应对贸易战过程中获得很大的回旋余地。二是完整的工业体系。在联合国确定的全部工业门类中，中国是全世界唯一拥有全部39个大类、525个小类的国家，而美国只拥有全部门类的95%左右。三是较强的学习能力。中国如今已成为创新熔炉，包括高铁、卫星、导弹、航母、战斗机、人工智能等领域都有长足发展。此外，大量的外汇储备等也为我国应对贸易战提供了条件。我国外汇储备已连续12年全球第一，占全球比重达27.5%。当然，与物质条件同样重要的是精神力量。面对贸易战，不能临战而怯，自乱阵脚，争取胜利的重要前提是保持战略定力，万众一心，群策群力。要认识到，打贸易战不付出代价是不可能的，和世界头号强国交手，要有付出代价的思想准备。我们固然不能“匹夫见辱，拔剑而起”，但也不能没有血性。我国虽然还不是强国，但已具备相当的综合实力，有条件在底线思维下争取尽可能好的结果，打赢这场多边主义和自由贸易的保卫战。凡事都是一分为二的。美国发动的贸易战，已使我们深刻认识到我国的“短板”所在，深切体会到被人卡住脖子的滋味。核心关键技术缺失必然受制于人。知耻而后勇，我们应加大关键技术领域的投入和研发，汇聚更多资本和高端人才，在抢占科学技术制高点上急起直追。贸易战的另一个实际效果是倒逼中国进一步加快体制改革。在未来的现代化进程中，中国将通过全面深化改革不断加长体制短板，通过发挥市场决定性作用，更好发挥政府作用，高效率配置资源，实现高质量发展。（作者：中央党校原副校长）,Chinese,Xinhua News,1,China
《中美贸易战十评》出版发行,中美贸易战是一场单边主义与多边主义、保护主义与自由贸易、强权与规则之战。,主义;中美;贸易战;评论员,2018-07-26 20:15:42,http://www.xinhuanet.com/2018-07/26/c_1123182514.htm,新华社北京7月26日电 《中美贸易战十评》一书已由人民出版社出版，即日起在全国新华书店发行。中美贸易战是一场单边主义与多边主义、保护主义与自由贸易、强权与规则之战。今年7月6日至7月15日，《人民日报》连续刊发10篇评论员文章，有力驳斥美国贸易霸凌主义的各种行径和错误论调，阐明中方维护多边体制和国际经贸秩序、维护我国核心利益和人民根本利益的坚定立场，在国内外引发广泛关注。本书全面收录了这10篇评论员文章，对广大干部群众正确认识和看待中美经贸摩擦问题、深入研究和积极应对贸易霸凌主义带来的影响具有一定的参考价值。,Chinese,Xinhua News,1,China
中美贸易战背景下的我国破产审判工作,要将法治化、市场化、专业化有机结合起来，有效地推进破产审判工作。如果能够在各行业建立起一批能够掌控不同生产要素，或者能够有效调动不同生产要素的企业，那破产重整的成功率必将大大提高。在贸易战背景下，建立和完善法院与政府之间的沟通协调联动机制，就显得更加重要、更加迫切。,审判工作;贸易战;破产管理人;破产重整;破产和解,2018-07-25 17:02:03,http://www.qstheory.cn/zhuanqu/bkjx/2018-07/25/c_1123175026.htm,中美贸易战已经开战。7月11日，美国又宣布将对中国2000亿美元的输美产品征收10%的高额关税。贸易战又进一步升级。事态会如何发展，发展到什么程度，目前还难以预料。但有一点可以肯定，如果美国对在华企业输入美国的产品按照600亿、2000亿、5000亿美元的规模递次征收高额关税，将有不少在华企业会陆续陷入破产困境。天下事，预则立，不预则废。对贸易战可能导致的企业破产，人民法院应当及早进行研判，以防不测。如何开展破产审判工作，我过去曾经讲过要建立一个平台，即人民法院要建立一个破产审判工作的平台；完成两项任务，即人民法院破产审判工作要完成救治危困企业和对死亡企业实现市场出清的任务；明白破产审判的三个优越性，即人民法院的破产重整与非司法兼并重组相比，有三个优越性：明确债权债务的优越性、信息公开的优越性和法院与政府沟通协调联动机制的优越性；建立四个机制，即人民法院开展破产审判工作要建立四个基本机制：破产企业识别机制，法院与政府沟通协调联动机制，上下协调各方联动的信息沟通机制，各方当事人之间的利益协调平衡机制；采取五项措施，即人民法院开展破产审判工作应当采取的五项工作措施：建立专业化的破产审判机构和破产审判队伍的措施，建立专业化的破产管理人队伍和规范化的破产管理工作制度，建立一批以市场化为导向的能够挽救企业的企业，建立起执行转破产审查的制度，建立起繁简分流的工作程序。目前，审理一般破产案件，我认为仍然应当按此进行。但是，在贸易战背景下，涉贸易战的相关企业的破产问题，应当根据目前出现的新情况、新问题认真思考对策。首先，要将法治化、市场化、专业化有机结合起来，有效地推进破产审判工作。所谓法治化，就是要按照我国企业破产法等法律和司法解释的要求，对破产案件进行立案、审查和处理。对符合重整条件的，要认真开展重整工作；符合和解条件的，做好相关工作，推动债权人与债务人的和解协议的实现；符合破产清算条件的，认真做好财产清算工作，尽最大可能维护债权人的债权。按照法律程序，特别是破产法律程序的要求，推进破产审判工作的进程，公平公正地维护好各方当事人的合法权利。所谓市场化，就是在破产审判工作中，无论是破产和解、重整和清算，都要以市场化为导向，尊重债权人、债务人、投资人、股东的选择，按照法律的相关规定作出相关裁决，并监督和推动该裁决的实施。所谓专业化，就是要尊重不同行业的专业化要求，开展破产审判工作。法治化、市场化、专业化，在破产审判工作中不是相互对立、相互隔离的，相反，它们是相互联系、相互补充、相互渗透、相互影响的。在破产审判工作中，无论是程序的保证、裁决的作出、计划的实施等方面，都要将三者有机结合起来。如果不将这三者有机结合起来，只孤立地进行法律判断，破产审判工作就不可能取得良好的社会效果，破产审判工作为党和国家工作大局服务的目的就难以实现。其次，要做好优质企业的破产审判工作。贸易战背景下的破产审判工作，与去杠杆、去库存，清理僵尸企业背景下的破产审判工作是不同的。在贸易战背景下的破产企业，有不少是优质企业，甚至是很有前途的高科技企业。这类企业往往设备工艺先进，科技水平一流，管理制度完善，产品质量优良，市场销售兴旺。企业之所以破产，是因为贸易战原因，产业链前端的原材料或者零部件因高额关税导致成本大幅度增加，或者因各种原因关键原材料或零部件被禁售，或者因国外贸易保护主义的反倾销、反补贴高额税收导致成本大幅上升，或者因为相关国家因贸易保护而突然关闭市场，导致产品销售困难，或者因服务贸易中的技术禁运，导致产品难以进行生产，或者因为债务结构不合理出现债务危机。在此情况下，企业生产经营难以为继，陷入了破产困境。针对上述情况，人民法院开展破产审判工作的基本思路，应当是按照法律的规定和市场化的要求，保护住这些企业，或者保护好其优质的整体生产经营体系和能力，而不能采用碎片化方式清算拍卖财产，破坏其整体生产经营体系和能力。在具体操作方式上，可以根据企业的不同情况，在现行法律的框架内，按照市场化、专业化的要求，采用破产和解、破产重整，或者破产重整与破产清算相结合方式，保护住企业或者其优质的整体生产经营体系和能力。根据多年来人民法院的破产审判实践的经验，将法治化、市场化、专业化有机结合起来，这一目的完全可以实现。再次，要按照不同的行业，建立起一批能够挽救企业的企业。多年的破产审判工作实践证明，危困企业或者危困企业的生产能力要通过破产重整重新获得新生，战略投资人加入十分重要。但实践中，战略投资人难寻是不争的事实，这也是破产重整成功率不高的主要原因。企业是各种生产要素结合的平台，其陷入破产困境，主要是各种生产要素组合不合理，且自身难以解决不合理组合问题，需要借助外界力量重新注入新的生产要素，并对新旧生产要素重新组合，使其重获新生。但是，我国不同的生产要素，由不同市场主体掌握：掌控资本的不掌握科技，不了解市场，不懂管理；而掌握科技，了解市场，精通管理的人又不掌握资本。不同生产要素的相互分立，是我国目前破产重整成功率不高的主要原因。如果能够在各行业建立起一批能够掌控不同生产要素，或者能够有效调动不同生产要素的企业，那破产重整的成功率必将大大提高。目前，这种观点已经不是简单的理论设想，它已经被重庆钢铁股份有限公司破产重整案的实践所证实。重钢的破产重整之所以成功，就是因为引进了“四源合基金”。“四源合基金”实质上就是针对钢铁行业重整或者重组而成立的挽救企业的企业。正因为“四源合基金”掌握了钢铁生产的不同生产要素，包括资本、钢铁行业的市场、钢铁行业的管理、钢铁行业的科技等生产要素，当它们将这些新的生产要素与重钢原来的生产要素重新组合以后，重钢会才在重整后短短的几个月里实现了扭亏为盈，实现了浴火重生。在这次贸易战的背景下，如果我们能够按照不同行业，组建一批能够掌控或者能够调动不同生产要素的基金、公司或者其他能够挽救危困企业的企业，那对于保住因贸易战而陷入破产困境的优质企业，或者其优质的整体生产经营体系和能力，无疑会有很大的好处。第四，要加快破产管理队伍建设，尽快实现破产管理人队伍专业化和工作规范化。我曾经多次讲过，当前破产审判工作效率不高，除破产审判工作专业化程度还需要提高外，破产管理人队伍专业化和工作规范化程度不高是重要原因。其一，破产管理人在破产审判工作中处于中心位置。它不仅要与债权人、债务人、股东沟通，还要与投资人谈判，维护好各方当事人的合法权利。其二，破产管理人不仅要保证破产企业的财产安全，还要管理好破产企业的财产，做好企业财产的清理，监督企业破产重整计划的落实等工作。其三，破产管理人不仅要与政府密切沟通联系，处理好相关事务，还要做好法官破产案件审理的助手，依法推进破产审判程序顺利进行。破产管理人要懂法律、财会，还应当懂企业管理、财产管理等专业知识，否则很难适应工作。目前，破产管理人还主要是律师和会计师，以后还应当吸收企业家等专业人士进入管理人团队，共同做好破产管理人工作。面对贸易战背景下的破产审判工作，只有破产管理人队伍专业化，工作规范化，破产审判工作的质量和效率才能大幅提高。面对当前的瓶颈，特别是贸易战背景下不少优质企业的生死存亡，相关行政机关和人民法院应当积极进取，勇于担当，尽快推动这一工作上一个新台阶。第五，要积极争取政府支持，共同做好贸易战背景下的破产审判工作。在通常情况下的破产审判工作，建立常态化的法院与政府之间的沟通协调联动机制，是人民法院破产审判工作能够提高审判质量和效率的重要前提。在贸易战背景下，建立和完善法院与政府之间的沟通协调联动机制，就显得更加重要、更加迫切。因为这类案件的审理涉及更加广阔的市场视野，更加专业的经济信息，更加周到的专业服务，更加复杂的社会问题。这些问题没有政府的参与和支持很难有效解决，破产审判工作的法律效果和社会效果都难以取得。贸易战背景下的破产审判工作，虽还不可能马上开始，但需要未雨绸缪。不早做准备，临阵磨枪，仓促上阵，难有胜算。为党和国家工作大局服务，促进社会主义市场经济健康发展，是人民法院的神圣职责。中美贸易战的开战，是中国崛起过程中难以避免的冲突。在今后的发展中，类似这样的冲突还会以各种不同的方式出现。对此，我们要有充分的思想准备。人民法院应当以中华民族崛起为己任，敢于迎难而上，用我们的知识和聪明才智，服务国家、服务民族，在党中央的领导下，战胜一切困难，为中华民族的伟大复兴而努力奋斗！（作者：最高人民法院咨询委员会副主任）,Chinese,Xinhua News,1,China
美媒终于算对了中美贸易战这笔帐！,今天，美国一家主流媒体说出了一个美国总统特朗普一直在隐瞒和歪曲的关于中美贸易战的真相。,贸易战;特朗普;出口;贸易逆差;全球产业链,2018-07-10 21:55:57,http://www.xinhuanet.com/2018-07/10/c_1123106732.htm,今天，美国一家主流媒体说出了一个美国总统特朗普一直在隐瞒和歪曲的关于中美贸易战的真相。我们都知道，特朗普对咱们中国发动贸易战是建立在一系列对我们贸易行为的指控上，其中最主要的有3点：1、 中美之间有巨大的贸易逆差，美国吃亏了。2、 中国通过合资企业正在窃取美国的专利，让美国不赚钱了。3、 中国还正在拼命扶植自己的企业与美国竞争，抢美国饭碗了。可在美国CBS新闻网最新刊登的一篇报道中，三位来自美国名校的学者却并不这么认为。他们给出的理由则既简单又引人瞩目：“因为中国每出口一个iPhone给美国，只收入8.46美元”。中国赚的只是辛苦钱！三位美国学者进一步解释说：长期以来，我们在审视中美贸易的关系时，惯例是拿从中国出口到美国的产品的总价值去计算中美间的贸易逆差。比如一个在中国完成组装，然后运往美国的出厂价为240美元的iPhone苹果手机，商务部门会将这240美元的出厂价直接算入美国对中国的贸易逆差中去。而这，便会令人以为美国在这个苹果手机的贸易上对中国损失了240美元。那么如此计算的话，去年一年美国仅在iPhone7和iPhone7 Plus这两款苹果手机上就与中国有了157亿美元的“贸易逆差”。可实际上，按照三位美国学者的说法，这上百亿的贸易逆差中的最主要部分，却根本不是被中国人赚走的，反而是进入了美国苹果公司以及日本一些高科技企业的腰包。而中国真正从一台iPhone上赚取的，只有区区8.46美元，即整个出厂价的3.6%！为什么会这样呢？三位学者解释说，因为中国在苹果手机整个全球化的生产链条中，所处的是较为低端的“组装环节”，只负责组装由美国苹果公司等发达国家的高科技公司为手机提供的技术和重要尖端部件，所以在整个价值链条中的“附加价值”就很低了。因此，这240美元出厂价中才会有超过一半的价值进入美国苹果公司等提供专利核心技术的企业，而中国人赚取的那8块多美元，只是低廉的辛苦钱。“这便是为何与中国打贸易战根本是无意义的”，三位美国专家总结说。这也成为了美国CBS新闻网这篇报道的标题。不仅是iPhone！但耿直哥检索发现，不仅iPhone，许多目前中国正在出口到美国、同时也是特朗普正在打击或打算打击的产品，都与iPhone的情况类似：即我们中国在这些产品的全球价值链条中只扮演了“组装者”的角色，而这些产品的大头利润，反而是被美国及其盟友国家的企业所赚取了。美国著名智库“布鲁金斯学会”早在今年4月的时候就曾经发文指出，特朗普对中国发动的首轮贸易战攻势中所要重点打击的高科技领域中，中国本身在这些产品中的“附加价值”都非常低，特朗普的打击只会伤及那些来自美国和其盟友的企业。比如在计算机和电子设备领域，中国出口的这些产品中中国自身只占不到一半的附加价值，其他的利润都属于其他国家，比如美国。“布鲁金斯学会”还介绍说，美国从中国进口产品中有37%还是“中间产品”，因为美国企业需要通过让中国工厂来生产这些半成品，以降低自己产品的成本，从而提升价格上的竞争力。另外，“布鲁金斯学会”也提到了中国出口给美国的计算机和电子设备中，有超过一半是跨国企业在中国的分公司生产的。这里尤其需要注意的是，尽管这些中国分公司在中国生产出来的产品也会被算入中国自身的“附加价值”中，但赚取这部分利润大头的也不是中国人，而同样是那些位于美国以及其他发达国家的总公司。而唯一纯粹由中国人自己赚钱的领域，根据“布鲁金斯学会”的说法，还是那些中国传统的老工业领域，比如中美纺织品贸易中75%的“附加价值”都是纯粹属于中国人的，但该领域并没有成为特朗普打击的对象。这家美国智库的观点，也得到了来自欧洲的智库“经济政策研究中心”2011年一篇报告的佐证。报告中的数据就显示，如果贸易逆差是按照各个国家在产品中实际的“附加价值”计算的话，那么中美的贸易逆差将会大大缩减40%甚至更多。更引人注目的是，如此计算的话，那么比如2004年时日本和美国的贸易逆差就会暴增33%，直接逼近当时中美按这种算法得出的贸易逆差了——毕竟，在不少中国出口给美国的产品中，拥有专利技术的日本的“附加价值”是很高的。别看这个欧洲智库的数据有点旧，在2018年的今天，情况还是一样一样的。美国CNBC上个月的一篇报道中就引用了来自牛津大学的数据称，如果按照各国实际在贸易中的“附加价值”计算，中美现在3700亿的贸易逆差会缩小一半之巨，即从美国GDP的2%缩小到1%——这已经与欧盟相当了。而如果再算上美国在服务领域对中国的顺差，以及美国对华投资的各项收益，那么中美之间实际的逆差更会进一步缩小到美国GDP的0.8%。因此，CNBC这篇文章的作者也得出了与“布鲁金斯学会”一样的结论，即特朗普现在对中国的打击只会伤及自身和盟友。这位作者甚至也列举了CBS新闻网今天提到的那个iPhone手机的例子，并认为一旦中美贸易战“全面爆发”，中国手上可打的“王牌”要比美国多。为什么还要打贸易战？最后，相信大家看完了这些美国学者和西方专业智库的分析后，就会更加清楚为啥特朗普对咱中国发动的这场贸易战在全世界都不得人心了——因为他真正伤害到的是包括美国企业在内的全球产业链，而中国在这些产业链中赚取的只是辛苦钱。然而，特朗普却执意一边用误导性的贸易逆差数据蒙蔽美国选民，一边则对勤劳的中国人民发动贸易战。可他为什么要这么做呢？对此，耿直哥前面提到的那篇美国CNBC新闻网的文章给出了这样一个答案：特朗普真正在意的问题，并不是创造一个活跃创新的经济，好让美国在未来20-30年继续保持领先，他在乎的只是11月中期选举的投票数字；另一方面，中国政府在意的问题，反倒是如何令其经济在接下来的20年里保持活力，从而令中国成为一个引领世界、科技上自主独立的国家。,Chinese,Xinhua News,1,China
各方忧中美贸易战成为持久战,,,2018-07-10 08:45:51,http://jjckb.xinhuanet.com/2018-07/10/c_137313384.htm,中美两个大国未能避免两国之间的贸易战，在7月6日打响了第一枪。目前市场前期对消息有所消化，反应不大。但各界担忧贸易战会成为持久战，这对中美经济和全球经济都不是福音。路透社报道称，在股市上，投资者已有数周时间作好准备，交易商避开他们认为受影响最大的一些企业。分析人士估计，如果再有一轮重税加征的话，可能令华尔街情势改观。“真正的问题在于，这场贸易战会持续多久。”斯巴达资本证券驻纽约首席市场经济学家卡迪洛称，“如果情况演变到(升级)那个地步，牛市能否持续将变成未定之数。”“就算关税措施还未实施，还是可能在第二季产生影响，因为人们的行为会因为对这些事情的预期而发生变化。”Globalt投资公司的资深投资组合经理托马斯·马丁称。美国总统特朗普曾经威胁要采取进一步的关税措施，中国指责美国挑起这场“最大规模的贸易战”。美国贸易代表将需数周或数月的时间进行评估，并可能采取新的措施。对于中美互征关税所带来的冲击，目前市场初步评估偏向轻微。中国央行货币政策委员会委员马骏表示，美国对中国产品加征关税，将使中国经济增长率减少0.2个百分点。其他分析师推测对中国2018年经济增长率的直接影响在0.1-0.3个百分点，而每1000亿美元进口商品受关税措施影响，将使全球贸易减少约0.5%。但如果贸易战规模扩大，冲击可能没有那么温和。安盛投资管理新兴亚洲经济分析师姚远表示，除了通过金融市场、财富效应及企业融资等方面对经济构成冲击之外，还要考量其他继发效应，例如对信心、投资及全球供应链等的影响。星展银行认为，贸易战对中美两国经济的影响今年在0.25个百分点左右，明年则有可能在0.5个百分点，甚至更多。彭博社认为，中美之间的这场贸易战已经远远超过了市场限制、知识产权和美国贸易赤字巨大等简单的争议点。 今年年初，腾讯安全反诈骗实验室负责人李旭阳称，利用区块链概念搞的传销平台已超过3000家。一纸“军令状”拉开了汾酒集团改革的序幕，也让李秋喜成了山西国企改革的“红人”。新闻线索提供热线：010-63074375 63072334JJCKB.CN 经济参考报社版权所有本站内容未经协议授权，禁止转载使用京ICP备12028708号,Chinese,Xinhua News,1,China
中美贸易战峭壁下的“关税之伤”，美国利益首当其冲,国际舆论批评美国一意孤行实施单边贸易保护主义的做法违反世界贸易组织规则，不仅给全球经济增长带来严重损害，也对美国经济造成不利影响。,美国;贸易战;关税,2018-07-04 14:47:17,http://www.xinhuanet.com/asia/2018-07/04/c_1123078301.htm,近期，美国罔顾国际贸易规则，接二连三挑起贸易争端，挥舞关税大棒，对全球多国实施贸易制裁。一时间，贸易战硝烟四起。美国的霸道做法，激起国际社会强烈不满。国际舆论批评美国一意孤行实施单边贸易保护主义的做法违反世界贸易组织规则，不仅给全球经济增长带来严重损害，也对美国经济造成不利影响。与此同时，受美国欺凌的国家纷纷以自己的方式对美国实施反击。欧盟、加拿大、墨西哥、印度以及土耳其等国先后出台反制措施。在此背景下，随着7月6日的临近，中美作为世界最大的两个经济体也将进入“贸易战模式”。根据美国贸易代表办公室（USTR）6月15日公布的对华加征关税最新产品清单，美方将从7月6日起，对来自中国340亿美元的商品加征25%的关税。这将把世界前两大贸易国拖入一场前所未有的贸易冲突，把本来互利、自由、公平的世界贸易推到峭壁边缘，对世界贸易造成“关税之伤”。美国可能没有预料到的是，受美方关税措施打击最沉重的不是中国企业，而是美国企业和在华外资企业。从美国贸易代表办公室发布的关税清单看，美方针对自中方进口约500亿美元商品征税，将涉及约1100个八位税则号，第一轮征税涵盖818个税则号，主要涉及机械电子、成套设备、资源化工等三大类73种商品。美国带着“贸易战容易赢”的心态，把单边贸易措施“武器化”（weaponize），对中国产品加征惩罚关税，将会产生什么后果呢？以美国的逻辑，惩罚关税将使中国的出口受到“制裁”。但事实表明，这只是美国的一厢情愿。受害者之一：美国消费者。美国“商业内幕”网站援引美银美林经济学家的分析指出，贸易保护主义将使美国消费者成为全球最大输家。美国经济学家测算，美国关税措施将引发国内物价上涨，可能抵消大多数美国民众从特朗普税收改革中享受到的减税红利。美银美林分析了上世纪80年代美国对日本采取的贸易保护主义措施和此次对中国采取的征税措施，认为对华措施只是30年前一幕的重演，最终将由美国消费者买单。仅在1984年，由于进口限制，美国消费者就多支出了530亿美元。受害者之二：美国企业和全球供应链。关税措施表面上是针对贸易，实际上牵动的是整个全球供应链。受到此前美国钢铁关税措施的影响，一些美国本土企业或计划“出走”，或面临关闭危险。美国制造标志性产品之一的哈雷·戴维森公司在6月25日宣布，将把面向欧洲的摩托车生产转移到美国之外，以避免受到欧盟对美国采取报复性关税措施的影响。美国最大的铁钉制造企业——中洲铁钉公司也表示，因美国对进口钢铁加征关税，导致成本上升，公司不得不解雇了500名员工中的60名，并计划在7月底再解雇200名员工。美国经济学家米歇尔迈耶图认为，“全面贸易战的可能性正在增加，但如果全球供应链受到威胁，对于全球经济的信心将发生动摇，那么将引发贸易冲击，进而将美国和全球经济拖入新一轮的‘大萧条’。”受害者之三：在华外资企业。中美经贸关系是全球供应链的重要组成部分，其特点是“你中有我，我中有你”。如果说中美贸易战将产生“打击”效应，受打击的绝不仅仅是中国企业，还有在华的外资企业，包括美资企业。首先，对在华的外资企业来说，美国市场较其它市场更为重要。2017年中国对美出口4298亿美元中，外资企业占54.2%，高于其占全球比重（43.2%）11个百分点。其次，根据对美方500亿美元征税的商品构成分析，涉及外资企业的产品高达59.6%。此外，从贸易方式看，加工贸易在中国的对外贸易中占比39.8%，其中涉及到的原料和元器件，不少就进口自美国。美国7月6日开始对中国价值340亿美元产品征税，外资企业和加工贸易分别占59%和38%。结论是显而易见的，美国贸易大棒所带来的“关税之伤”，没有“贸易战容易赢”那么简单。国际货币基金组织总裁拉加德指出，日益紧张的国际贸易关系已经给世界经济构成了威胁，贸易战没有赢家。以规则为基础的、开放的多边秩序是维持当今世界经济繁荣的基础。美国对世界贸易体系造成的“关税之伤”，要承担后果，美国利益首当其冲。美方的错误作法是搬起石头砸自己的脚。与美方冲动、反复无常的言行形成鲜明对比的是，自中美两国贸易摩擦压力增大以来，中国政府一直保持了理性而克制的态度，充分展现了一个负责任大国的气度和担当。中方多次重申，不愿意主动发起贸易战，但是，如果美方一意孤行挑起贸易战，中方只能被迫予以坚决回击。中美之间谁是好战的一方已经昭然若揭。我们相信，中方有关部门并不希望看到美方的“炮弹”伤及在华的外资企业，希望他们一如既往务实服务企业，帮助受影响的企业应对挑战，同时，继续改善中国的营商环境，坚定推进改革开放，为在华企业不断扩大出口、开拓更广阔的国际市场创造有利条件。（中国国际贸易学会专家委员会副主任 李永）,Chinese,Xinhua News,1,China
贸易战对中美股市的冲击有什么不同,,贸易;股市;中美,2018-06-24 22:17:40,http://www.xinhuanet.com/fortune/2018-06/24/c_1123028527.htm,中美贸易争端自3月22日爆发以来至今，A股市场投资者遭遇了不小的损失，截至6月22日，沪深股市市值减少了70642亿元人民币。这的确令人忧虑。我们要努力办好自己的事，增强应对能力，一方面要继续保持经济稳定增长，一方面要深化资本市场改革，增强市场的稳定性和包容性。我们注意到，有一种观点认为，中美开打贸易战只会重创中国股市，而美国股市受到的冲击要小得多，因为美国经济状况比中国好。自3月22日至6月22日，美国股市市值增加了139400亿元人民币，似乎佐证了这个观点。但笔者认为，这只是问题的一个“断面”，而远不是问题的全貌。我们分析问题，既要看眼前也要看长远，既要看“横断面”也要看“周期”。贸易战在眼前符合“美国优先”思路，一时的快感助推美股冲高，掩盖了市场风险；但贸易战真的打下去，将增加贸易成本，抑制经济发展，对经济基本面产生影响。那时，美国股市面临的冲击不会比中国股市小，甚至可能更大，这是因为：第一，美国股市处在历史高位，投资者手中的股票本来就面临缩水风险。截至6月22日，美国道琼斯指数市盈率为25倍，标普500市盈率为25倍，纳斯达克指数市盈率为24倍，处于历史高位。2017年一年时间，美国标普500指数、道琼斯指数和纳斯达克指数分别上涨19.4%、25.1%和28.2%，均创2013年以来最大年度涨幅。由于特朗普贸易政策短期内推高了投资者对美国的经济预期，也推高了美股的风险承受度，导致美股市值接连攀高，风险快速积聚。自特朗普上任以来，道琼斯指数和标准普尔500指数的市盈率中位数均上升了1/4，这其实是贸易战“刺激政策”导致的一个短期市场结果。美国股市客观上存在缩水要求。而中国股市是在调结构、降杠杆的阵痛期运行，不但没有刺激性政策介入，而且还受到降杠杆的影响，总体上处于低位运行，稳定运行的基础更加扎实。截至6月22日，沪深两市动态市盈率分别为13倍、21倍，创业板为38倍，市场估值趋于理性。两大蓝筹指数上证50、沪深300指数动态市盈率分别为10倍、12倍。中国股市继续缩水的空间十分有限。特朗普标榜说，其当选后股市市值不断上涨，是选民信任他，支持他的政策。但美国股市一年半来的行情演进也包含了投机资金对特朗普逆全球化政策的对赌心理；一旦特朗普政策形成持续的负面效果，投机资金也将争相规避风险，逃离美股。第二，美国股市与实体经济出现了较大背离，而中国股市与实体经济存在“错配”。2017年美国GDP为19.3868万亿美元，2017年底美国股市市值为42.3万亿美元，股市市值与GDP的比值为218%，远超2000年互联网泡沫破裂时期的150%的水平。早在今年2月底，美银美林就发出预警称，美股的19个熊市信号中已有13个被触发，离熊市到来还差两个指标。6月11日，野村证券指出，美国五大科技巨头脸书、苹果、奈飞、亚马逊、谷歌的估值已逼近2000年的互联网泡沫峰值。实体经济是股市的根基，处于高位的美国股市需要实体经济的进一步稳固。开打贸易战短期推高了投资者对美国经济增长的预期，但由于贸易战深化很可能改变经济基本面，对高位持股的美股投资者极为不利。6月12日以来，道琼斯指数出现八连跌，道琼斯成分股以制造业股票为主，说明贸易战首先冲击工业制造业。纳斯达克指数冲高回落两连跌，是受到中兴通讯遭制裁，高通服务器芯片部门裁员等问题的影响，说明贸易战升级同样冲击到美国的科技公司。中国股市尽管和自己相比发展很快，但与国家的经济体量相比并不匹配，与美国股市相比体量还较小。2017年股市市值为56.62万亿元人民币，同期GDP为82.7万亿元人民币，存在明显“错配”。当然，这与中国经济转型升级不到位有关，也预示着中国股市发展空间巨大。第三，当前美国股市的体量是中国股市的5.14倍，如果跌幅一样，美股市值减少将大于中国。在人们心目中，美国股市表现较为稳定，出现较大跌幅的交易日较少；中国股市稳定性差，弱市时下跌幅度较大。如6月19日，上证综指下跌幅度高达3.78%，而美国道琼斯指数下跌仅1.15%。一般投资者会认为，中国股市损失大于美股，其实不尽然。6月19日，美股（美国公司）市值较前一日减少4500亿美金，折合2.9万亿人民币，降幅为0.857%；中国股市市值较前一日减少2.6万亿人民币，降幅为4.5%。此前的3月22日，特朗普宣布将对从中国进口的商品大规模征收关税，此后两天内美股总市值缩水1.8万亿美元，折合11.38万亿人民币。同期中国股市缩水2.07万亿人民币。由于每个市场的指数编制方法不同，简单拿指数涨跌幅度来做对比是不科学的。为严谨起见，我们拿市值的涨跌作为对比口径。以2018年6月22日中国股市市值54.7万亿人民币、美国股市市值281.10万亿人民币为基数，如果市值同样下跌5%，则中国股市损失2.74万亿人民币，美国股市损失14.06万亿人民币。可见，由于两者体量不同，公众对同样的跌幅造成的损失，在直觉上和心理上感受是不同的。贸易战对股市形成的影响，不单让中国投资者心惊肉跳，也让参与美国股市的全球投资者叫苦不迭。贸易战何去何从，对于美股投资者来说也是一种心理上的煎熬。可以预见，如果贸易战继续向纵深推进，必将搅乱包括美国金融市场在内的全球经济，引发更多危险。而由于美股处于历史高位，美股投资者的恐慌心态不可低估。一旦伤及投资者情绪底线，原本就存在调整要求的美股将会加剧震荡，很难实现软着陆。那样，不仅所谓的“特朗普行情红利”会烟消云散，而且很可能形成“特朗普行情断崖”，并进一步诱发特朗普执政危机。（作者：证券日报副总编辑 董少鹏）,Chinese,Xinhua News,1,China
中美贸易言和止战有利两国企业和人民,以中美两国经贸磋商代表团19日发表的联合声明为标志，中美两国政府终于达成共识，不打贸易战，并停止互相加征关税。世界是平的，中国融入全球化之后，收获了经济成长红利，也为世界经济增长做出巨大贡献，更验证了我国改革开放道路的正确性。,中美两国;贸易战;中美贸易;贸易纷争;人民群众,2018-05-22 18:04:09,http://www.qstheory.cn/zhuanqu/bkjx/2018-05/22/c_1122871230.htm,"以中美两国经贸磋商代表团19日发表的联合声明为标志，中美两国政府终于达成共识，不打贸易战，并停止互相加征关税。在这份联合声明中，中美两国同意，将采取有效措施实质性减少美对华货物贸易逆差。声明还说，为满足中国人民不断增长的消费需求和促进高质量经济发展，中方将大量增加自美购买商品和服务,这也有助于美国经济增长和就业。一度剑拔弩张的中美贸易战实现停火、止战。这样的结果来得看似突然，其实也实属情理之中。前期，两国互相抛出制裁清单，上演了几场火力十足的交锋，贸易战究竟走向何方，各方猜测纷纷，忧思重重。中美两个大国言和止战，结局令各方“喜大普奔”。两个经济大国摆脱了两败俱伤的恶斗，令世界各国经济长吁一口气。从具体内容看，中美两国在缩小贸易逆差、增加商品和服贸进出口贸易、知识产权保护、双向投资等领域，均取得共识，意味着此次磋商乃是互相让步的结果，体现着两国领导人的政治智慧。当然，此次磋商只是达成共识、明确了大的框架，具体细节还得继续磋商。但有一点可以肯定，经历此次严重的贸易纷争后，中美两国未来的经济合作关系将走向更加深入、广泛，中美两国企业和人民也将由此获得更多实实在在的益处。目前，我国经济步入转型升级、新旧动能转换的关键期，消费已成为拉动经济增长的主要动力，国民对高质量商品和服务的需求，也愈发旺盛，扩大进口将有利于为国民提供更丰富多样、性价比更高的商品和服务，满足人民群众日益增长的美好生活需求。世界上人口最多的国家，未来将成为全球最大的消费市场，如此庞大的消费力，对世界各国都将产生巨大的吸引力，进而形成改变世界贸易格局的影响力。世界是平的，中国融入全球化之后，收获了经济成长红利，也为世界经济增长做出巨大贡献，更验证了我国改革开放道路的正确性。对于中国来讲，开放是不可逆转的时代选择。中美之间激烈博弈的贸易纠纷，只会更坚定中国的信心。中美贸易战虽然成功规避，但“缺芯”之痛却让我们挥之不去。可以预见，即便中美贸易战幸而止战，美国暂时放松对我国高科技产品的出口，中国仍然必须加大对高科技的投入，实现核心技术领域的突破，摆脱被他人卡脖子的尴尬，真正把命运掌握在自己手里。",Chinese,Xinhua News,1,China
中美只是暂停贸易战?中方不希望出现反复,,,2018-05-22 09:17:04,http://news.xinhuanet.com/mrdx/2018-05/22/c_137196899.htm,"新华社北京5月21日电(记者闫子敏)针对有一些美国官员称中美经贸磋商达成的协议只是暂时停战,外交部发言人陆慷21日在例行记者会上回答相关提问时说,中方当然不希望出现更多反复。他同时表示,只要是符合两国人民利益的事情,两国政府都应该有责任办好。陆慷说,中方从来不愿看到中美之间有任何紧张,包括贸易领域或其他领域的紧张。“两个大国保持良好双边关系,以及各领域良好互动和合作,这肯定更加符合两国和两国人民的利益,对世界来说也肯定是福音。”他表示,中美双方都已经认识到中美这两大经济体达成共识、避免相互对一些出口产品加征关税,避免贸易战,这符合双方利益。“刘鹤副总理在结束这一轮磋商后接受媒体采访时已经讲得非常清楚。这轮中美经贸磋商,双方最大的共识和成果就是,双方都认识到要通过协商妥善解决好两国经贸领域的问题,避免相互加征产品关税。我们希望中美经贸关系互利共赢的本质能够更好发挥出它的功效。”陆慷说:“从短期来说,如果中美两国政府能够达成一个很好的协议和双方都接受的成果,两国政府当然都应当遵守这样的协议,我们当然不希望出现反复。我们相信这样的结果是两国人民和两国工商界都十分欢迎的,也是全世界应该感到欣慰的。”他说,从更长远的角度看,中美关系40年,包括中美经贸交往40年,起起伏伏的情况时有发生。随着中美这么大的两个经济体之间的互动越来越多,很难担保以后相互不会再有新的摩擦、新的分歧和新的不同看法。但是从过去40年看,双方之所以都能很好地管控分歧,推动中美经贸关系不断取得更大发展,最根本的原因就是这样的经贸关系发展符合两国和两国人民共同利益,同时也是在全球化背景下,市场规律发挥了重要作用。",Chinese,Xinhua News,1,China
美财长说美中达成协议同意停打贸易战,,,2018-05-21 10:52:18,http://news.xinhuanet.com/mrdx/2018-05/21/c_137194633.htm,"新华社华盛顿5月20日电美国财政部长姆努钦20日表示,美中两国已就框架问题达成协议,同意停打贸易战。姆努钦当天在接受福克斯电视台采访时说,刚刚结束的美中经贸磋商取得了很有意义的进展,双方将继续就经贸问题保持磋商。",Chinese,Xinhua News,1,China
美国财长姆努钦：美中就框架问题达成协议;同意停打贸易战,新华社快讯：美国财长姆努钦接受福克斯电视台采访时表示，美中就框架问题达成协议，同意停打贸易战。,电视台;贸易战;福克斯;快讯;努钦,2018-05-20 23:51:26,http://m.xinhuanet.com/2018-05/20/c_1122860300.htm,新华社快讯：美国财长姆努钦接受福克斯电视台采访时表示，美中就框架问题达成协议，同意停打贸易战。,Chinese,Xinhua News,1,China
"中美达成共识,不打贸易战",,,2018-05-20 08:25:58,http://news.xinhuanet.com/mrdx/2018-05/20/c_137192156.htm,"新华社华盛顿5月19日电(记者于佳欣、朱东阳)正在对美国进行访问的习近平主席特使、中共中央政治局委员、国务院副总理、中美全面经济对话中方牵头人刘鹤于当地时间19日上午接受了媒体采访。他表示,此次中美经贸磋商的最大成果是双方达成共识,不打贸易战,并停止互相加征关税。刘鹤说,这是一次积极、务实、富有建设性和成果的访问,双方就发展积极健康的中美经贸关系达成许多共识。这次磋商取得积极成果的最重要原因是两国元首此前达成的重要共识,根本原因是两国人民和全世界的需求。刘鹤说,中美双方将在能源、农产品、医疗、高科技产品、金融等领域加强贸易合作。这既可以推动我国经济转向高质量发展,满足人民的需要,也有利于美方削减贸易赤字,是双赢的选择。同时,双方还将继续加强相互投资和深化知识产权保护领域的合作。这不仅有利于中美两国,也有利于全球经济贸易的稳定繁荣。他强调,中国有庞大的中等收入群体,将成为世界最大的市场。这个市场具有高度竞争性,如果想在中国市场获得份额,出口国必须要提高自己产品和服务的竞争力,让中国人民愿意买。中国不仅愿意从美国买,也将从全世界买。中国将举办首届国际进口博览会,欢迎世界各国参加。刘鹤表示,习近平主席在2018年博鳌亚洲论坛上提出了扩大开放的四个领域,我们将按照习主席的要求加快落实。以开放促改革、促发展是中国改革开放40年来的经验和启示,未来也会继续坚持下去。刘鹤说,此次双方取得共识有其必然性,但同时也要认识到,冰冻三尺非一日之寒,解决两国经贸关系多年来的结构性问题需要时间。中美经贸关系健康发展是符合历史潮流的,无人能挡,面对未来两国关系发展中可能遇到的新曲折新矛盾,我们要冷静看待,坚持对话,妥善处理。新华社华盛顿5月19日电(记者于佳欣、朱东阳)正在对美国进行访问的习近平主席特使、中共中央政治局委员、国务院副总理、中美全面经济对话中方牵头人刘鹤于当地时间19日上午接受了媒体采访。他表示,此次中美经贸磋商的最大成果是双方达成共识,不打贸易战,并停止互相加征关税。刘鹤说,这是一次积极、务实、富有建设性和成果的访问,双方就发展积极健康的中美经贸关系达成许多共识。这次磋商取得积极成果的最重要原因是两国元首此前达成的重要共识,根本原因是两国人民和全世界的需求。刘鹤说,中美双方将在能源、农产品、医疗、高科技产品、金融等领域加强贸易合作。这既可以推动我国经济转向高质量发展,满足人民的需要,也有利于美方削减贸易赤字,是双赢的选择。同时,双方还将继续加强相互投资和深化知识产权保护领域的合作。这不仅有利于中美两国,也有利于全球经济贸易的稳定繁荣。他强调,中国有庞大的中等收入群体,将成为世界最大的市场。这个市场具有高度竞争性,如果想在中国市场获得份额,出口国必须要提高自己产品和服务的竞争力,让中国人民愿意买。中国不仅愿意从美国买,也将从全世界买。中国将举办首届国际进口博览会,欢迎世界各国参加。刘鹤表示,习近平主席在2018年博鳌亚洲论坛上提出了扩大开放的四个领域,我们将按照习主席的要求加快落实。以开放促改革、促发展是中国改革开放40年来的经验和启示,未来也会继续坚持下去。刘鹤说,此次双方取得共识有其必然性,但同时也要认识到,冰冻三尺非一日之寒,解决两国经贸关系多年来的结构性问题需要时间。中美经贸关系健康发展是符合历史潮流的,无人能挡,面对未来两国关系发展中可能遇到的新曲折新矛盾,我们要冷静看待,坚持对话,妥善处理。新华社华盛顿5月19日电(记者于佳欣、朱东阳)正在对美国进行访问的习近平主席特使、中共中央政治局委员、国务院副总理、中美全面经济对话中方牵头人刘鹤于当地时间19日上午接受了媒体采访。他表示,此次中美经贸磋商的最大成果是双方达成共识,不打贸易战,并停止互相加征关税。刘鹤说,这是一次积极、务实、富有建设性和成果的访问,双方就发展积极健康的中美经贸关系达成许多共识。这次磋商取得积极成果的最重要原因是两国元首此前达成的重要共识,根本原因是两国人民和全世界的需求。刘鹤说,中美双方将在能源、农产品、医疗、高科技产品、金融等领域加强贸易合作。这既可以推动我国经济转向高质量发展,满足人民的需要,也有利于美方削减贸易赤字,是双赢的选择。同时,双方还将继续加强相互投资和深化知识产权保护领域的合作。这不仅有利于中美两国,也有利于全球经济贸易的稳定繁荣。他强调,中国有庞大的中等收入群体,将成为世界最大的市场。这个市场具有高度竞争性,如果想在中国市场获得份额,出口国必须要提高自己产品和服务的竞争力,让中国人民愿意买。中国不仅愿意从美国买,也将从全世界买。中国将举办首届国际进口博览会,欢迎世界各国参加。刘鹤表示,习近平主席在2018年博鳌亚洲论坛上提出了扩大开放的四个领域,我们将按照习主席的要求加快落实。以开放促改革、促发展是中国改革开放40年来的经验和启示,未来也会继续坚持下去。刘鹤说,此次双方取得共识有其必然性,但同时也要认识到,冰冻三尺非一日之寒,解决两国经贸关系多年来的结构性问题需要时间。中美经贸关系健康发展是符合历史潮流的,无人能挡,面对未来两国关系发展中可能遇到的新曲折新矛盾,我们要冷静看待,坚持对话,妥善处理。新华社华盛顿5月19日电(记者于佳欣、朱东阳)正在对美国进行访问的习近平主席特使、中共中央政治局委员、国务院副总理、中美全面经济对话中方牵头人刘鹤于当地时间19日上午接受了媒体采访。他表示,此次中美经贸磋商的最大成果是双方达成共识,不打贸易战,并停止互相加征关税。刘鹤说,这是一次积极、务实、富有建设性和成果的访问,双方就发展积极健康的中美经贸关系达成许多共识。这次磋商取得积极成果的最重要原因是两国元首此前达成的重要共识,根本原因是两国人民和全世界的需求。刘鹤说,中美双方将在能源、农产品、医疗、高科技产品、金融等领域加强贸易合作。这既可以推动我国经济转向高质量发展,满足人民的需要,也有利于美方削减贸易赤字,是双赢的选择。同时,双方还将继续加强相互投资和深化知识产权保护领域的合作。这不仅有利于中美两国,也有利于全球经济贸易的稳定繁荣。他强调,中国有庞大的中等收入群体,将成为世界最大的市场。这个市场具有高度竞争性,如果想在中国市场获得份额,出口国必须要提高自己产品和服务的竞争力,让中国人民愿意买。中国不仅愿意从美国买,也将从全世界买。中国将举办首届国际进口博览会,欢迎世界各国参加。刘鹤表示,习近平主席在2018年博鳌亚洲论坛上提出了扩大开放的四个领域,我们将按照习主席的要求加快落实。以开放促改革、促发展是中国改革开放40年来的经验和启示,未来也会继续坚持下去。刘鹤说,此次双方取得共识有其必然性,但同时也要认识到,冰冻三尺非一日之寒,解决两国经贸关系多年来的结构性问题需要时间。中美经贸关系健康发展是符合历史潮流的,无人能挡,面对未来两国关系发展中可能遇到的新曲折新矛盾,我们要冷静看待,坚持对话,妥善处理。新华社华盛顿5月19日电(记者于佳欣、朱东阳)正在对美国进行访问的习近平主席特使、中共中央政治局委员、国务院副总理、中美全面经济对话中方牵头人刘鹤于当地时间19日上午接受了媒体采访。他表示,此次中美经贸磋商的最大成果是双方达成共识,不打贸易战,并停止互相加征关税。刘鹤说,这是一次积极、务实、富有建设性和成果的访问,双方就发展积极健康的中美经贸关系达成许多共识。这次磋商取得积极成果的最重要原因是两国元首此前达成的重要共识,根本原因是两国人民和全世界的需求。刘鹤说,中美双方将在能源、农产品、医疗、高科技产品、金融等领域加强贸易合作。这既可以推动我国经济转向高质量发展,满足人民的需要,也有利于美方削减贸易赤字,是双赢的选择。同时,双方还将继续加强相互投资和深化知识产权保护领域的合作。这不仅有利于中美两国,也有利于全球经济贸易的稳定繁荣。他强调,中国有庞大的中等收入群体,将成为世界最大的市场。这个市场具有高度竞争性,如果想在中国市场获得份额,出口国必须要提高自己产品和服务的竞争力,让中国人民愿意买。中国不仅愿意从美国买,也将从全世界买。中国将举办首届国际进口博览会,欢迎世界各国参加。刘鹤表示,习近平主席在2018年博鳌亚洲论坛上提出了扩大开放的四个领域,我们将按照习主席的要求加快落实。以开放促改革、促发展是中国改革开放40年来的经验和启示,未来也会继续坚持下去。刘鹤说,此次双方取得共识有其必然性,但同时也要认识到,冰冻三尺非一日之寒,解决两国经贸关系多年来的结构性问题需要时间。中美经贸关系健康发展是符合历史潮流的,无人能挡,面对未来两国关系发展中可能遇到的新曲折新矛盾,我们要冷静看待,坚持对话,妥善处理。 ",Chinese,Xinhua News,1,China
习近平主席特使、国务院副总理刘鹤接受媒体采访表示　中美达成共识，不打贸易战,5月19日，习近平主席特使、中共中央政治局委员、国务院副总理、中美全面经济对话中方牵头人刘鹤在华盛顿接受媒体采访。,刘鹤,2018-05-20 05:58:21,http://www.xinhuanet.com/politics/leaders/2018-05/20/c_1122858015.htm,5月19日，习近平主席特使、中共中央政治局委员、国务院副总理、中美全面经济对话中方牵头人刘鹤在华盛顿接受媒体采访。正在对美国进行访问的习近平主席特使、中共中央政治局委员、国务院副总理、中美全面经济对话中方牵头人刘鹤于当地时间19日上午接受了媒体采访。他表示，此次中美经贸磋商的最大成果是双方达成共识，不打贸易战，并停止互相加征关税。新华社记者 王迎 摄5月19日，习近平主席特使、中共中央政治局委员、国务院副总理、中美全面经济对话中方牵头人刘鹤在华盛顿接受媒体采访。正在对美国进行访问的习近平主席特使、中共中央政治局委员、国务院副总理、中美全面经济对话中方牵头人刘鹤于当地时间19日上午接受了媒体采访。他表示，此次中美经贸磋商的最大成果是双方达成共识，不打贸易战，并停止互相加征关税。新华社记者 王迎 摄,Chinese,Xinhua News,1,China
习近平主席特使、国务院副总理刘鹤接受媒体采访表示&lt;br/&gt;中美达成共识，不打贸易战,5月19日，习近平主席特使、中共中央政治局委员、国务院副总理、中美全面经济对话中方牵头人刘鹤在华盛顿接受媒体采访。,刘鹤,2018-05-20 05:52:21,http://www.xinhuanet.com/photo/2018-05/20/c_1122858015.htm,5月19日，习近平主席特使、中共中央政治局委员、国务院副总理、中美全面经济对话中方牵头人刘鹤在华盛顿接受媒体采访。正在对美国进行访问的习近平主席特使、中共中央政治局委员、国务院副总理、中美全面经济对话中方牵头人刘鹤于当地时间19日上午接受了媒体采访。他表示，此次中美经贸磋商的最大成果是双方达成共识，不打贸易战，并停止互相加征关税。新华社记者 王迎 摄5月19日，习近平主席特使、中共中央政治局委员、国务院副总理、中美全面经济对话中方牵头人刘鹤在华盛顿接受媒体采访。正在对美国进行访问的习近平主席特使、中共中央政治局委员、国务院副总理、中美全面经济对话中方牵头人刘鹤于当地时间19日上午接受了媒体采访。他表示，此次中美经贸磋商的最大成果是双方达成共识，不打贸易战，并停止互相加征关税。新华社记者 王迎 摄,Chinese,Xinhua News,1,China
环球时报社评：中美贸易战停战是两国共同胜利,中美两国经贸磋商代表团19日发表联合声明，宣布两国同意采取有效措施实质性减少美对华货物贸易逆差。声明说，为满足中国人民不断增长的消费需求和促进高质量经济发展，中方将大量增加自美购买商品和服务，这也有助于美国经济增长和就业。,贸易,2018-05-20 03:07:13,http://www.xinhuanet.com/fortune/2018-05/20/c_1122857990.htm,中美两国经贸磋商代表团19日发表联合声明，宣布两国同意采取有效措施实质性减少美对华货物贸易逆差。声明说，为满足中国人民不断增长的消费需求和促进高质量经济发展，中方将大量增加自美购买商品和服务，这也有助于美国经济增长和就业。双方同意有意义地增加美国农产品和能源出口，还就扩大制造业产品和服务贸易进行了讨论并达成共识。中美还就知识产权保护、鼓励双向投资等达成共识。双方同意继续就此保持高层沟通。自中国改革开放以来，中美贸易持续保持增长势头，迄今扩大为世界上规模最大的双边货物贸易。最近几年，两国服务贸易也呈现激增之势。然而由于多种原因，中国对美货物贸易顺差逐渐扩大，形成了当今世界第一大贸易顺差。中方统计显示，2017年我国对美货物贸易顺差达到2758亿美元，美方的统计则认为其2017年对华货物贸易逆差高达3752亿美元，大约为美国对全球货物贸易逆差的一半。失衡度如此高的双边贸易确实难以持续，美方长期以来要求中方采取措施减少美方对华贸易逆差，中国也付出了努力，但实际情形是美国对华贸易逆差继续扩大，2017年又比前一年增长了200多亿美元。美国今年以来与全球贸易关系出现紧张，中美贸易首当其冲。今年3月以来，美国单方面加征钢铝产品进口关税，中国对其涉及中国产品的部分采取了坚决回应行动，中美贸易战就此打响了严重冲击两国全面关系、并且搅动了全球市场的前哨战。从2月底刘鹤访美到5月初美国代表团赴华磋商，再到本次刘鹤率团再度访美，中美共进行了3轮磋商。回头看，这是世界第一大和第二大经济体对现行贸易机制长期运行积累下来的问题进行联合剖析、定义，并加以解决的尝试。经贸合作一直是中美关系的推进器和压舱石，但是一段时间以来，经贸问题却不断成为中美保持良好全面关系的主要挑战之一，从根本上解决这个问题势在必行。经贸关系平稳了，中美的利益纽带就会更牢固，你中有我、我中有你的格局就会成为稳定构架，互利共赢也将落到实处。然而人们看到，由于中美的政策都以自己的国家利益为本位，这样的历史性磨合是十分艰难的。在过去的两个多月里，中美贸易战呈现烽烟四起之势，直到达成协议、握手言和前的最后时刻，双方都没有放弃决不向对方让步的意志展示。在中美发表的联合声明中，人们普遍注意到“实质性减少美对华货物贸易逆差”的表述，一些人认为这意味着“美国赢了”。然而不用说，中美经贸磋商中心议题肯定是商量中方如何扩大从美国的进口，因为中美贸易不平衡的突出表现是美国贸易逆差太大了。促进中美贸易平衡，这是主要方向。最关键的是如何实现这一平衡。华盛顿希望这个平衡过程中实现美方利益的最大化，而中国则坚持扩大进口美国商品必须最大限度地契合中国经济社会发展的紧迫需求。美方希望中国政府以计划经济的方式推动减少美国逆差，中方则坚持这必须是一个市场化贸易平衡的过程，减少美国贸易逆差不仅中方要多买，美方还需积极配合，让中国民间的进口机构有得买，并且在中国市场上卖得出。这是双方博弈的真正焦点。从这个角度看，这次中美签署的协议遵循了两国双赢的原则。美方将获得大幅减少贸易逆差的机会，中国将实现有助于国家发展和人民美好生活所需产品从美方的稳定购买。美打破以往管制向中国出口能源产品将使中国的能源进口渠道更加多元，美国向中国出售更多农产品，等于是向中国出口农业的自然和技术条件，等等。从宏观上看，贸易平衡是全球化不断发展的条件之一，中美每一次谈判都会把两国贸易朝着平衡的方向推一推。朝着公平原则的不断靠近恐怕是唯一趋势，因为如果是相反的情况，即使谈成了，也执行不下去。比如中国答应了帮美国实质性减少逆差，但如果美方就是提供不了中国市场需要的产品，中国消费者不认账，那么双方商定什么减赤数字都将是一纸空文。任何贸易协定都必须是能够执行的，不能是计划式的强买强卖，这一基本规则在中美这次谈判之前如此，今后也不可能改变。中国作为世界最大贸易顺差国之一，这场中美贸易交锋让我们对国际贸易的延伸含义有了更多了解，我们对国家实力的认识也有了更多素材和新的维度。中国必须继续扩大本国的市场容量，我们还需增加自己在全球生产及供应链上的不可替代性。我们更加清楚了，为崛起为现代化强国，我们还有大量事情要做。,Chinese,Xinhua News,1,China
中美贸易战停火！止战！,新华社快讯：据最新消息，中美贸易战停火！止战！,中美贸易,2018-05-20 02:07:59,http://www.xinhuanet.com/world/2018-05/20/c_1122857982.htm,新华社快讯：据最新消息，中美贸易战停火！止战！（记者于佳欣 朱东阳）,Chinese,Xinhua News,1,China
危中有机，中美贸易战不全是坏消息,中美贸易战可能加速中国高端技术国产替代进程。,中美贸易;芯片,2018-05-02 16:17:37,http://zhigu.news.cn/2018-05/02/c_129863358.htm,新华网北京5月2日电（特约记者阮晓琴） 本周，美国代表团将访华讨论贸易问题。自3月22日以来的中美贸易争端已经引发中国产业、科技、金融界的持续热议，无论谈判的结果如何，中国高端技术的国产化已如箭在弦。美方志在长远美国拟对500亿美元中国商品加征关税的清单中，包括航空航天、信息和通讯技术、机械、能源、智能汽车、药物医疗等行业，涉及半导体设备、LB、激光设备、电阻电容、晶闸二极管、电视终端及部分零部件等电子产业链相关产品，这和 “中国制造2025”涉及的领域高度重合，后者是中国政府实施制造强国战略第一个十年的行动纲领。一切不言自明。集邦咨询深圳研究总监、半导体分析师张瑞华认为，美国讲求经济发展优先，当他们发现中国正在本国优势经济领域奋力追赶时，希望领先优势能多维持几年，发动贸易战就是这个目的。集邦咨询是国际高科技产业研究与咨询机构，研究领域横跨半导体、消费性电子、显示面板、绿能、光电、通讯、IA、人工智能等前沿科技产业。中国知名家电大数据公司奥维云网董事长文建平也认为，抑制中国高科技发展，是美国发动贸易战的目的之一。要从全球格局演变趋势来看中美这次税收之争，美国的用心显然不在税收本身，而是希望通过税收手段达到打击中国的目的。不过，多位分析师认为，一旦加征关税最终实施，整体来看，由于加征关税商品出口至美国的比例占中国相应产业产值之比并不大，因而短期对中国影响较小。美国遏制中国高科技发展可能倒逼中国企业加速自主创新及关键技术国产替代进程，但从长远来看，这有可能减慢中国高科技领域发展的步伐。短期冲击有限如果认真分析此次美方的加征关税清单会发现，美方的目标并非着眼当下，而是瞄准了未来。清单中包含的彩电及关键部件显示器可能是此次短期受影响较大的产业，因为其销往美国市场占比较大。奥维云网董事长文建平认为，加征关税条款一旦实施，中国家电业将受一定冲击。家电产业应该重新规划，加快走出去、在海外布局。奥维云网数据显示，2017年中国大陆出口海外的电视及半成品电视达到1.02亿台，其中2316万台出口到美国本土。美国是中国产小家电类产品的进口大国，如2017年上半年，美国是中国产电烤箱进口最大国。集邦咨询综合各位分析师的观点认为，短期来看，加征关税除对中国家电业产生一定影响外，对LED、光伏、汽车、半导体等产业的影响均有限，甚至在某些程度上有利于倒逼中国企业自主创新及加速国产替代进程；但从长远看来，这或将阻碍中国掌握汽车、半导体等领域的核心技术。集成电路是这次中美贸易战的重点领域之一。清单涉及电镀/电泳/电解设备、物理气相沉积设备、清洗设备等集成电路产业链相关产品。集邦咨询数据显示，2017年上述产品出口至美国的销售额在大陆相关产业总产值中占比都极低。集邦咨询张瑞华认为，中国半导体产业仍处于国产替代进口初期阶段，这份清单对中国半导体产业影响较为有限。不过，美国在中国半导体产业快速发展的早期阶段就抑制其出口，背后体现的是对中国科技产业，尤其是对中国集成电路产业未来崛起的担心，其阻碍中国集成电路产业发展的决心不可忽视。对于汽车领域来说，本次加税清单主要是限制应用于自动驾驶的传感器和导航设备以及应用于新能源汽车的电机和电池的出口。集邦咨询VehicleTrend车势分析中心负责人张家凯认为，上述产品中国对美出口较少，短期内对国内智能网联和新能源汽车产业影响不大。高端技术迎国产化商机危中藏机。中美贸易战3月开启之后，贸易战每一次现升级迹象时，芯片板块都成为股市上涨龙头。4月18日《人民日报》的文章或能解释其中原因：互联网核心技术受制于人是中国最大隐患。文中引用一位投资者的话：“可以预见，从现在开始，中国将不计成本加大在芯片产业的投入。”如一些业内人士所言，中美贸易战可能加速中国高端技术国产替代进程。4月17日，工信部发布了《关于促进首台（套）重大技术装备示范应用的意见》（下称“意见”）。“意见”提出，为贯彻落实党中央、国务院关于推进供给侧结构性改革、实施创新驱动发展战略、建设制造强国的决策部署，将以首台套示范应用为突破口，推动重大技术装备水平整体提升。“意见”决定，完善重大技术装备研发创新体系，健全首台套检测评定体系，构建首台套示范应用体系，推动军民两用技术和装备融合发展，加强首台套知识产权运用和保护，加大资金支持力度，强化税收政策导向，优化金融支持和服务，增强保险“稳定器”作用等。2009年开始，中国陆续启动了16项国家重大专项，包括01专项核心电子器件、高端通用芯片及基础软件；02专项极大规模集成电路制造技术及成套工艺；03专项新一代宽带无线移动通信；04专项高档数控机床与基础制造技术。这些专项基本都涉及 “中国制造2025”“命门”之一——重大技术装备。据记者了解，上述多项国家重大专项正处于技术突破向产业化应用推广的关键时刻。这也是国家此次出台政策以促进首台（套）重大技术装备示范应用的重要背景。实际上，最近几年工信部等国家部委一直在通过智能制造试点示范项目等多种方式，推动我国包括重大科技专项的关键高新技术的国产化。其中部分关键技术推广应用进展较快，但整体上高端技术仍然在应用示范阶段，还不具备大规模市场化的条件。以机床行业为例。国家重大科技04专项高档数控机床之数控系统国产化的实施单位华中数控董事长陈吉红最近在数控机床展会表示，通过实施 “04专项”，我国逐渐缩小了与国外中高档数控机床在功能、性能和可靠性方面的差距，实现了“跟跑”，但是成熟度还不够高，仍不足以打破国外数控机床形成的产业生态圈，“不是我们不努力，是对手太强大。” “04专项”技术总师、中国工程院院士卢秉恒最近透露，中高档数控机床提高了进口替代比例，满足了国家战略需求，在航空航天领域批量应用，在汽车行业推广应用，2018年将继续实施中高档数控机床 “换脑”工程。除了数控机床04专项，通信5G专项、北斗专项、部分高端通用芯片专项等目前均到了大规模量产和推广应用的关键期。如果美国扩大限制高科技产品出口中国，正好给了中国高端技术弯道超车、加速推进市场化应用、提高国产化的良机。本文为新华网智谷频道原创，转载请注明来源。 ,Chinese,Xinhua News,1,China
彭博创始人布隆伯格：中美需要合作而不是贸易战,　　新华社纽约４月１８日电（记者徐兴堂　杨士龙）美国彭博有限合伙企业创始人、前纽约市长迈克尔·布隆伯格１８日表示，美国和中国是彼此最重要的贸易伙伴，它们需要的是合作而不是贸易战。,中国;布隆伯格;两国;伙伴;全球性,2018-04-19 14:29:14,http://www.xinhuanet.com/world/2018-04/19/c_1122708773.htm,新华社纽约４月１８日电（记者徐兴堂　杨士龙）美国彭博有限合伙企业创始人、前纽约市长迈克尔·布隆伯格１８日表示，美国和中国是彼此最重要的贸易伙伴，它们需要的是合作而不是贸易战。布隆伯格当天在彭博和美国中国总商会联合举办的２０１８年国际金融和基础设施论坛上表示，本次论坛的召开正值华盛顿考虑实行贸易保护主义政策的关键时刻，贸易保护无疑会阻碍世界经济增长，并恶化美国与包括中国在内的相关国家的关系。布隆伯格表示，美中是彼此最重要的贸易伙伴，双方经贸联系紧密，相互依赖，两国需要的不是贸易战，而是通过多种途径加深双边关系。他强调，美中合则两利，斗则俱伤，两国合作对于应对经济增长、贸易、安全乃至气候变化等方面的全球性挑战至关重要。布隆伯格还高度评价中国改革开放所取得的成就。他说，历史上没有哪个国家像中国这样经历过如此广泛的经济改革，并取得如此成功。中国的成功不仅对中国自身有利，对包括美国在内的中国贸易伙伴也大有好处。美国中国总商会会长、中国银行美国地区行长徐辰在论坛上呼吁与会者通过全球性、多边化的视角，寻求切实的解决方案，在中美两国之间搭建桥梁、解决分歧。,Chinese,Xinhua News,1,China
稀土会是中美贸易战的“秘密武器”吗？,近日有消息称，中美贸易战中，稀土是中国一个强大的“秘密武器”，假如中国禁止对美国的稀土出口，将实现贸易战中的“一击致命”。当中国造的新材料出口像从前的稀土出口一样领跑全球，什么样的贸易战都将不足为虑。,秘密武器;贸易战;稀土新材料;稀土资源;中美,2018-04-09 08:21:38,http://www.xinhuanet.com/energy/2018-04/09/c_1122652213.htm,近日有消息称，中美贸易战中，稀土是中国一个强大的“秘密武器”，假如中国禁止对美国的稀土出口，将实现贸易战中的“一击致命”。作为“秘密武器”，稀土的威力有多大？中国又在如何发展和利用这一重要的战略资源？稀土到底有多重要？“工业维生素”“工业黄金”“新材料之母”……这些的称呼已经不能完全说明稀土在当下和未来对于人类经济社会发展重要性和影响力。“稀土是新能源、新材料、航空航天、信息、生物、军工等尖端科技领域和国防建设的重要基础材料，可以说，稀土的作用无处不在，而且它正在以越来越多的用途和形态融入人类生活的方方面面，它是真正的无价之宝。”中国科学院包头稀土研发中心主任池建义向科技日报记者介绍说。在现代工业中，稀土主要以材料微量改性添加剂和功能材料的形式使用，展现出“用量少，作用大”的鲜明特点。近几年来，稀土的高效开发利用，有力促进了我国的多领域产业升级，并广泛应用于电子信息、国防军工、节能减排、绿色环保、生物工程等领域，实现了众多新兴战略产业的崛起。中东有石油，中国有稀土有着“稀土之都”美称的包头市，每年都要举行稀土资源开发应用的峰会和论坛。每到这个时候，欧美等西方国家的科学家、企业负责人都云集于此。如蚁附膻。该论坛的负责人曾深有感触地说：“他们都是冲着我们的技术和稀土资源来的。”中国的稀土储量最多时占世界的71.1%，所以才有了邓小平同志的那句名言：“中东有石油，中国有稀土”。然而，稀土的大规模开采和廉价出口，也让我国付出了沉重的代价。从上世纪90年代起，我国开始逐步限制稀土出口，加大对稀土开发利用的人力物力投入力度。眼下，这些珍稀的不可再生资源已在我国实现了高效循环利用。池建义表示：“稀土和稀贵金属的高效利用，要从提取分离和应用研发两个方面同时入手，二者缺一不可。值得我们高兴的是，我们在这两方面已经取得了令人瞩目的成就。”贸易博弈就是技术博弈2008年，我国开始推行稀土出口配额制度，口袋刚一收紧，发达国家就一片哗然。伴随着我国稀土、稀贵金属的高效利用，越来越多的“中国制造新材料”将走向世界。以永磁行业为例：预计2020年全球新能源汽车渗透率将超过20%，总体销量达到2000万辆，按照每辆新能源汽车的永磁材料用量2.5kg计算，全球新能源汽车的永磁材料需求量将达到50000吨，价值不可估量。而从稀土的作用来看，曾有美国军事专家指出：如果没有来自中国的稀土新材料，美国80%以上的军事设备将无法运行、成为摆设。稀土作为极其重要的战略资源，如果被推到中美贸易战的战场之上，对手无疑会受到重创。然而贸易战从来不会是一方完胜，必定是各方俱损。大国之间的贸易博弈，说到底就是科技创新的博弈，有枪有弹才能成为真正的赢家。稀土早已被我国放入资源开发利用的重要战略范畴，这才是真正的决胜之道。当中国造的新材料出口像从前的稀土出口一样领跑全球，什么样的贸易战都将不足为虑。,Chinese,Xinhua News,1,China
【解局】中美贸易战，中国态度坚决，初战告捷,中国昨天公布的加征关税的商品清单，之所以叫精准打击，关键在于打到了特朗普的“七寸”。又比如汽车工业发达的密歇根州，同样是特朗普竞选的票仓，中国对美国汽车发起增加关税的措施，对密歇根州来说，同样是个重大的打击。,贸易战;中美;特朗普;美方,2018-04-05 19:42:04,http://www.xinhuanet.com/world/2018-04/05/c_129844741.htm,2018年4月4日，注定记入中美关系史。短短一天内，中美双方围绕贸易问题展开针锋相对的斗争。4日凌晨，美国政府依据301调查单方认定结果，宣布对原产于中国的1300余种进口商品加征25%的关税，涉及500亿美元的中国对美出口额。当日下午，中国决定对原产于美国的大豆、汽车、化工品等14类106项商品加征25%的关税，同样涉及美国对中国的500亿美元的出口额。短短10个小时，中国就以实际行动告诉美国，对美国挑起的贸易摩擦，中国有坚定的决心、强大的实力捍卫国家利益。回应其实，对这一次贸易摩擦，中方早已做好了充分的准备。昨天，在美国宣布加征关税清单后的2小时内，中国商务部立马作出回应，表示中方将依法对美产品采取同等力度、同等规模的对等措施，同时拟立即将美方有关做法诉诸世贸组织争端解决机制。紧接着，中国外交部发言人答记者问，强烈谴责、坚决反对美方做法，称中国“有信心、有能力应对美方任何贸易保护主义措施”。4日下午，在国务院新闻办的吹风会上，财政部、商务部有关负责人明确表示中国不会屈服于外部压力，中国会继续保持“同等力度同等规模”的回击。中国的媒体同样传递了强硬的信号。人民日报、环球时报的新媒体先后刊发了《贸易战打响？特朗普先生，连苹果手机和大盘鸡都不答应》《中国重拳回击，美方带着痛苦反思吧》等文章，昨晚的央视新闻联播更是用了近9分钟的长时间，关注中美贸易摩擦……而从新浪微博等社交平台看，中国的反制清单迅速成为热点，网友支持中国反制的声浪同样很高。变调有意思的是，在中国国内同仇敌忾的时候，特朗普昨天晚些时候发了一条推特，明确表示，现在跟中国没有打贸易战，虽然没说要不要跟中国打贸易战，但从调门上来看，明显有所和缓。而今天上午传来消息，美国商务部长罗斯表示，中国的反应不应该让所有人感到意外，中美之间不是“第三次世界大战”，此举被认为是为了安抚美国国内市场的惊慌情绪。其实，这个背后是中方的强硬精准回击，打着了特朗普的痛处，让美方不得不忌惮三分。这次贸易摩擦的一个重要背景，就是美国即将开始中期选举，特朗普也已经准备进入竞选连任的模式。在特朗普看来，与中国的贸易摩擦，是他兑现竞选承诺的一种形式，尤其在中期选举前，他同样需要用强硬的维护美国利益的姿态，向选民表示自己坚强的本土立场。这是他胜选的民意基础。这次，特朗普打算故技重施。不过，中国昨天公布的加征关税的商品清单，之所以叫精准打击，关键在于打到了特朗普的“七寸”。这份清单上的商品，主要涉及农产品、汽车和化工品，这些产品大量出口中国，但又有可替代性，关键是，产品的产地主要是特朗普的票仓。比如，这次清单上首次出现了大豆，要知道，中国可是美国大豆的第一出口市场，占美国大豆出口总量的62%。这些产大豆的美国中部农业州是特朗普的核心支持者，是共和党的票仓。中国选这些州的农产品下手精准反制，相信美国国内的压力会很快聚集到特朗普头上。其实几天前，中美贸易摩擦的风声已经让很多美国农民忧心忡忡，印第安纳州农民还自费到电视台登了30秒的广告，表达对中美贸易摩擦的忧虑。要知道，当时中国商务部公布的对美“232措施”，清单里还没有大豆。这次将大豆列入，对美国农产品出口的打击无疑是巨大的。又比如汽车工业发达的密歇根州，同样是特朗普竞选的票仓，中国对美国汽车发起增加关税的措施，对密歇根州来说，同样是个重大的打击。化工品也是如此，还有波音飞机等等，这些产业背后的财团都是特朗普的重要支持者。而这些美国对中国的出口商品，并非不可替代，中国的反制措施，反倒给其他国家更多的机会进入中国市场。这不，巴西、阿根廷的大豆商，已经开始广造舆论，宣扬巴西、阿根廷的大豆品质不亚于美国，打算大规模进军中国市场了。“山雨欲来风满楼”，中国的强硬和精准回击，让美国不少行业感觉到了压力，美国国内的舆论、经济学家、议员等等都跳出来指责特朗普的鲁莽，特朗普在这时降低调门，也有迎合国内舆论的意思，毕竟中期选举和竞选连任才是他的核心关切。定力据今天上午消息，中国驻美大使崔天凯会见美国国务卿沙利文，要求美方及早摒弃单边主义、贸易保护主义的做法，停止对华301调查，通过对华协商的方式同中方解决有关分歧。美中双方都有控制事态扩大的意愿。可见，中国的精准打击策略对美国国内的触动效果是非常好的，可以说初战告捷。毕竟特朗普现在的中期选举局势不能说很乐观，他需要通过中美贸易摩擦来测试国内的底线和动员能力，一旦国内反应强烈，他同样会根据现实来调整自己的策略。但特朗普的变调，并不意味着他的退缩。特朗普还是一个非常老到的谈判高手，昨天短短的几句话推特，表达了好几层意思。首先是安抚国内，现在还没跟中国打贸易战，其次把现在的问题甩锅给前人，说之前的中美贸易战都让美国前几任“蠢蛋”给打输了，暗示自己不会重蹈覆辙，最后除了5000亿美元贸易逆差外，又甩出3000亿美元的知识产权纠纷。可见，接下来的中美交锋还将继续，除了贸易逆差外，还可能涉及市场准入、知识产权等问题，中国切不可掉以轻心。对于中国来说，不妨保持“同等力度同等规模”的回击方式，以不变应万变，毕竟这是美国主动找事，着急的是他们。现阶段，我们必须继续向美国国内施压，争取更多的谈判筹码。而长远看，中国的战略定力尤为重要，我们切不可因为美国的搅局，打乱我们深化改革、扩大开放的节奏和计划，同时，不妨把这次贸易摩擦的外部压力，转变为内部改革的动力，化危为机。文/风清扬“不要干这种蠢事！”——美国农业界人士怒怼特朗普政府贸易保护主义政策,Chinese,Xinhua News,1,China
贸易战无法解决中美贸易失衡问题,中方已经对美方表示了严正的原则和立场，要求美方恪守世贸组织规则，通过双方的磋商和谈判来解决贸易失衡问题。,贸易失衡;中美贸易;中美两国;贸易战;贸易保护主义,2018-03-31 09:53:33,http://www.qstheory.cn/zhuanqu/bkjx/2018-03/31/c_1122618831.htm,近期美国以中美贸易不平衡为由，对中国先采取滥用贸易救济措施的做法，接着挥舞美国国内生锈的301调查大棒，威胁要对中国600亿美元的商品征收高额关税，引起了全球资本市场的剧烈波动，也引发了中国和其他世贸组织成员对美国的强烈愤怒。中方已经对美方表示了严正的原则和立场，要求美方恪守世贸组织规则，通过双方的磋商和谈判来解决贸易失衡问题。贸易失衡的真正原因是国际分工美国在统计对华贸易逆差时，采用传统的贸易统计方法，不能反映由于全球价值链和供应链分工所造成的贸易转移审查的情况。以苹果产品为例，中国从美国、德国、日本、韩国进口各种电子元器件产品，包括芯片、摄像头、内存等，将其加工组装之后，再出口到美国和全球市场。在此过程中，德国、日本和韩国都对中国拥有巨额贸易顺差，并通过最终产品出口隐含在中国对美国的贸易顺差当中，这被称为转移顺差。根据中方和美国智库的研究和测算，这部分顺差占中美贸易顺差的35％左右。与此同时，在经济全球化时代，美国大量制造业已经转移到海外，目前制造业在美国GDP中只占15％左右，而服务业占85％。中国承接了大量来自海外的制造业转移，目前已经成为世界新的制造业中心和全球最大的货物贸易国家。由此造成美国大量依赖进口中国产品，日积月累形成现在的贸易失衡状况。当然，更深层次的经济原因在于美国储蓄率过低，居民大量举债消费，必然造成严重的经常账户逆差的状态。既然中美贸易失衡的原因是经济全球化和国际分工，以及中美经济结构的差异，那么要想解决这些问题，靠短期的提高关税政策很难奏效，这也是为什么诺贝尔经济学奖得主克鲁格曼严厉批评特朗普不懂贸易政策的重要原因。美国做法严重违反世贸组织规则同为世贸组织成员，中美两国相互应该给予最惠国待遇，双方的贸易和关税水平都是基于世贸组织的制度性安排来进行的。如果美国认为中国有不公平贸易行为，应当通过世贸组织的贸易争端解决机制来提出解决方案。实际上，先前美国滥用世贸组织的贸易救济措施，对中国和其他成员的钢铁和铝制品增加惩罚性关税，已经引发了贸易伙伴的报复性措施。而301调查更是无视世贸组织规则，美国单方面直接采取了惩罚性关税措施，把世贸组织当作了一个摆设和道具，目前只是走个程序而已。对此，中方提出了强烈的抗议，严厉批评美国的单边主义和贸易保护主义，指出美国这样的做法会引起其他国家仿效，严重破坏国际贸易规则，扰乱国际经济秩序，直接诱发了全球股市的大幅波动，给脆弱的全球经济复苏带来了新的阴影。事实上，美国对世贸组织规则早已抱怨很多，并公开表示让中国加入世贸组织是一个错误，美国对有的多边贸易措施目前也没有意愿来继续推动。毫无疑问，美国对世贸组织的藐视正在以美国在全球的国家信誉作为赌注，也将会以美国在全球贸易体系当中领导力的下降作为代价。世贸组织前任总干事长拉米非常愤怒地说，如果美国要退出世贸组织，好走不送。中方不惧怕贸易战底气何来随着中国经济深度融入经济全球化和区域经济一体化进程，中国产业的国际竞争力与日俱增，产业的规模效应和集聚效应使中国制造的边际成本迅速下降，中国在全球的市场份额日趋扩大，已经趋近15％，而且正在继续扩大。目前美国在中国的出口市场份额当中占14％左右，美国作为一个成熟的中国出口市场，其未来的增长空间已经逐渐有限。统计数据表明，发达国家在中国出口市场的整体份额呈下降趋势，而发展中国家特别是“一带一路”沿线国家的市场份额呈现不断上升的趋势。曾经有美国人做过实验，如果在日常生活中不使用任何中国制造的产品，那么美国民众的日子会变得很难过。美国从中国的进口当中享受到了巨大的好处和利益。目前美国40多个行业要求特朗普政府不要向中国制造的产品增加关税，就是明证。总体而言，在经济贸易领域，美国对中国市场的依赖程度要高于中方对美国市场的依赖程度。至于中国在美国的投资，则只占中国每年境外投资总额的6．5％左右，中方完全可以寻求替代投资市场。这些都是中方不惧怕美国的底气所在。需要做大市场蛋糕和磋商谈判从理论上讲，当美国对中国拥有巨额贸易逆差时，应当以寻求加大中国从美国的进口和鼓励中国对美国投资来实现综合的国际收支平衡。但令人遗憾的是，美国目前的做法背道而驰。从进口方面看，中国已经在特朗普访华时承诺了2500亿美元的进口大单，表现出了很大的诚意，并呼吁美方加大高技术产业对中国出口的力度。中国企业也积极踊跃地到美国投资。而美国不仅依然固守限制高技术产品对华出口的政策，还要限制中国对美国的投资，这样的做法显然使得中美解决贸易失衡问题的难度越来越大。近日，美国商务部长和贸易谈判代表相继表态，中美之间需要进行谈判，这是务实之举。中美两国作为全球两个最大的经济体，对世界经济的发展具有最关键的影响。基于世贸组织的基本原则和框架，基于平等的对话、磋商和谈判，是解决中美贸易摩擦问题的必由之路。美方霸权式和威胁式的做法是没有出路的。未来中美经贸关系的改善需要双方共同努力做大市场蛋糕，继续强化全球供应链和价值链的合作，发挥经济互补的优势，满足双方的发展需求。（作者：商务部研究院学术委员会副主任、西亚非洲所所长）,Chinese,Xinhua News,1,China
外交部回应“中美正就避免贸易战开展谈判”报道,,,2018-03-28 08:42:14,http://news.xinhuanet.com/mrdx/2018-03/28/c_137070927.htm,"新华社北京3月27日电(记者温馨)针对有媒体称“中美正在静悄悄地就避免贸易战开展谈判磋商”,外交部发言人华春莹27日在回答相关提问时说,谈判磋商应该是互利双赢的,开放也应是双向的,希望美方和其他国家也能为中外企业开展正常的投资商业活动创造公平、非歧视的营商环境。在当日例行记者会上,有记者问:据《华尔街日报》等报道,中美正在静悄悄地就避免贸易战开展谈判磋商。美方向中方提出了对美国汽车减税、购买更多美半导体产品、对美金融企业开放更多市场等一系列要求。中方对此有何回应?华春莹说,中方一贯主张并致力于通过谈判磋商妥善解决贸易分歧或摩擦问题。“我们谈判磋商的大门始终是敞开的。但是必须要强调一点,这种谈判磋商绝不是一方居高临下地提要求,而是双方相互尊重、平等相待、建设性地谈判和磋商,结果应该是互利双赢的。”她强调,中国过去40年取得了举世瞩目的巨大成就,靠的是改革开放。“今后我们还将进一步扩大开放,深化改革。中国的开放是自主的开放,将继续按照自己设定的目标、确定的路径和规划的节奏有序推进。”华春莹说,中共十九大报告明确指出要推动形成全面开放新格局,将实行高水平的贸易和投资自由化便利化政策,大幅度放宽市场准入,扩大服务业对外开放,保护外商投资合法权益。刚刚结束的全国两会通过的中国政府工作报告也指出,要进一步拓展开放范围和层次,完善开放结构布局和体制机制,以高水平开放推动高质量发展。加强与国际通行经贸规则对接,建设国际一流营商环境。“总之,我们的努力方向是使13亿人的市场成为中外企业、各类所有制企业都可以公平竞争的市场。”“当然,开放应是双向的。我们希望美方和其他国家也能为中外企业开展正常的投资商业活动创造公平、非歧视的营商环境。”华春莹说。",Chinese,Xinhua News,1,China
